product,nutrient_group,date,price_usd_per_tonne,price_usd_per_kg
DAP (diammonium phosphate),Phosphate,1996-04-01,210.75,0.2108
DAP (diammonium phosphate),Phosphate,1996-05-01,186.13,0.1861
DAP (diammonium phosphate),Phosphate,1996-06-01,182.13,0.1821
DAP (diammonium phosphate),Phosphate,1996-07-01,188.0,0.188
DAP (diammonium phosphate),Phosphate,1996-08-01,189.88,0.1899
DAP (diammonium phosphate),Phosphate,1996-09-01,186.7,0.1867
DAP (diammonium phosphate),Phosphate,1996-10-01,183.75,0.1838
DAP (diammonium phosphate),Phosphate,1996-11-01,188.25,0.1882
DAP (diammonium phosphate),Phosphate,1996-12-01,188.5,0.1885
DAP (diammonium phosphate),Phosphate,1997-01-01,188.0,0.188
DAP (diammonium phosphate),Phosphate,1997-02-01,187.38,0.1874
DAP (diammonium phosphate),Phosphate,1997-03-01,187.4,0.1874
DAP (diammonium phosphate),Phosphate,1997-04-01,188.5,0.1885
DAP (diammonium phosphate),Phosphate,1997-05-01,188.5,0.1885
DAP (diammonium phosphate),Phosphate,1997-06-01,187.0,0.187
DAP (diammonium phosphate),Phosphate,1997-07-01,186.88,0.1869
DAP (diammonium phosphate),Phosphate,1997-08-01,186.63,0.1866
DAP (diammonium phosphate),Phosphate,1997-09-01,186.6,0.1866
DAP (diammonium phosphate),Phosphate,1997-10-01,186.0,0.186
DAP (diammonium phosphate),Phosphate,1997-11-01,185.5,0.1855
DAP (diammonium phosphate),Phosphate,1997-12-01,185.5,0.1855
DAP (diammonium phosphate),Phosphate,1998-01-01,184.0,0.184
DAP (diammonium phosphate),Phosphate,1998-02-01,183.5,0.1835
DAP (diammonium phosphate),Phosphate,1998-03-01,183.5,0.1835
DAP (diammonium phosphate),Phosphate,1998-04-01,185.0,0.185
DAP (diammonium phosphate),Phosphate,1998-05-01,186.5,0.1865
DAP (diammonium phosphate),Phosphate,1998-06-01,189.2,0.1892
DAP (diammonium phosphate),Phosphate,1998-07-01,190.5,0.1905
DAP (diammonium phosphate),Phosphate,1998-08-01,190.5,0.1905
DAP (diammonium phosphate),Phosphate,1998-09-01,190.5,0.1905
DAP (diammonium phosphate),Phosphate,1998-10-01,189.63,0.1896
DAP (diammonium phosphate),Phosphate,1998-11-01,186.7,0.1867
DAP (diammonium phosphate),Phosphate,1998-12-01,182.83,0.1828
DAP (diammonium phosphate),Phosphate,1999-01-01,181.75,0.1818
DAP (diammonium phosphate),Phosphate,1999-02-01,181.63,0.1816
DAP (diammonium phosphate),Phosphate,1999-03-01,181.75,0.1818
DAP (diammonium phosphate),Phosphate,1999-04-01,180.5,0.1805
DAP (diammonium phosphate),Phosphate,1999-05-01,180.5,0.1805
DAP (diammonium phosphate),Phosphate,1999-06-01,180.5,0.1805
DAP (diammonium phosphate),Phosphate,1999-07-01,177.0,0.177
DAP (diammonium phosphate),Phosphate,1999-08-01,172.4,0.1724
DAP (diammonium phosphate),Phosphate,1999-09-01,164.38,0.1644
DAP (diammonium phosphate),Phosphate,1999-10-01,157.0,0.157
DAP (diammonium phosphate),Phosphate,1999-11-01,148.3,0.1483
DAP (diammonium phosphate),Phosphate,1999-12-01,147.5,0.1475
DAP (diammonium phosphate),Phosphate,2000-01-01,147.2,0.1472
DAP (diammonium phosphate),Phosphate,2000-02-01,144.5,0.1445
DAP (diammonium phosphate),Phosphate,2000-03-01,143.0,0.143
DAP (diammonium phosphate),Phosphate,2000-04-01,143.0,0.143
DAP (diammonium phosphate),Phosphate,2000-05-01,143.0,0.143
DAP (diammonium phosphate),Phosphate,2000-06-01,142.0,0.142
DAP (diammonium phosphate),Phosphate,2000-07-01,140.3,0.1403
DAP (diammonium phosphate),Phosphate,2000-08-01,148.63,0.1486
DAP (diammonium phosphate),Phosphate,2000-09-01,157.5,0.1575
DAP (diammonium phosphate),Phosphate,2000-10-01,155.9,0.1559
DAP (diammonium phosphate),Phosphate,2000-11-01,153.5,0.1535
DAP (diammonium phosphate),Phosphate,2000-12-01,153.5,0.1535
DAP (diammonium phosphate),Phosphate,2001-01-01,154.5,0.1545
DAP (diammonium phosphate),Phosphate,2001-02-01,159.0,0.159
DAP (diammonium phosphate),Phosphate,2001-03-01,159.13,0.1591
DAP (diammonium phosphate),Phosphate,2001-04-01,151.3,0.1513
DAP (diammonium phosphate),Phosphate,2001-05-01,142.0,0.142
DAP (diammonium phosphate),Phosphate,2001-06-01,133.13,0.1331
DAP (diammonium phosphate),Phosphate,2001-07-01,135.0,0.135
DAP (diammonium phosphate),Phosphate,2001-08-01,135.0,0.135
DAP (diammonium phosphate),Phosphate,2001-09-01,135.0,0.135
DAP (diammonium phosphate),Phosphate,2001-10-01,135.9,0.1359
DAP (diammonium phosphate),Phosphate,2001-11-01,140.5,0.1405
DAP (diammonium phosphate),Phosphate,2001-12-01,141.67,0.1417
DAP (diammonium phosphate),Phosphate,2002-01-01,146.0,0.146
DAP (diammonium phosphate),Phosphate,2002-02-01,150.25,0.1502
DAP (diammonium phosphate),Phosphate,2002-03-01,149.75,0.1498
DAP (diammonium phosphate),Phosphate,2002-04-01,147.8,0.1478
DAP (diammonium phosphate),Phosphate,2002-05-01,143.88,0.1439
DAP (diammonium phosphate),Phosphate,2002-06-01,149.5,0.1495
DAP (diammonium phosphate),Phosphate,2002-07-01,160.5,0.1605
DAP (diammonium phosphate),Phosphate,2002-08-01,162.5,0.1625
DAP (diammonium phosphate),Phosphate,2002-09-01,160.9,0.1609
DAP (diammonium phosphate),Phosphate,2002-10-01,156.25,0.1562
DAP (diammonium phosphate),Phosphate,2002-11-01,151.5,0.1515
DAP (diammonium phosphate),Phosphate,2002-12-01,147.5,0.1475
DAP (diammonium phosphate),Phosphate,2003-01-01,149.75,0.1498
DAP (diammonium phosphate),Phosphate,2003-02-01,155.25,0.1552
DAP (diammonium phosphate),Phosphate,2003-03-01,177.2,0.1772
DAP (diammonium phosphate),Phosphate,2003-04-01,181.5,0.1815
DAP (diammonium phosphate),Phosphate,2003-05-01,178.44,0.1784
DAP (diammonium phosphate),Phosphate,2003-06-01,171.3,0.1713
DAP (diammonium phosphate),Phosphate,2003-07-01,176.38,0.1764
DAP (diammonium phosphate),Phosphate,2003-08-01,175.63,0.1756
DAP (diammonium phosphate),Phosphate,2003-09-01,171.3,0.1713
DAP (diammonium phosphate),Phosphate,2003-10-01,166.38,0.1664
DAP (diammonium phosphate),Phosphate,2003-11-01,169.38,0.1694
DAP (diammonium phosphate),Phosphate,2003-12-01,187.5,0.1875
DAP (diammonium phosphate),Phosphate,2004-01-01,204.25,0.2042
DAP (diammonium phosphate),Phosphate,2004-02-01,211.5,0.2115
DAP (diammonium phosphate),Phosphate,2004-03-01,205.3,0.2053
DAP (diammonium phosphate),Phosphate,2004-04-01,199.38,0.1994
DAP (diammonium phosphate),Phosphate,2004-05-01,191.1,0.1911
DAP (diammonium phosphate),Phosphate,2004-06-01,190.63,0.1906
DAP (diammonium phosphate),Phosphate,2004-07-01,201.5,0.2015
DAP (diammonium phosphate),Phosphate,2004-08-01,208.1,0.2081
DAP (diammonium phosphate),Phosphate,2004-09-01,208.5,0.2085
DAP (diammonium phosphate),Phosphate,2004-10-01,211.75,0.2118
DAP (diammonium phosphate),Phosphate,2004-11-01,213.8,0.2138
DAP (diammonium phosphate),Phosphate,2004-12-01,211.13,0.2111
DAP (diammonium phosphate),Phosphate,2005-01-01,208.6,0.2086
DAP (diammonium phosphate),Phosphate,2005-02-01,207.13,0.2071
DAP (diammonium phosphate),Phosphate,2005-03-01,210.63,0.2106
DAP (diammonium phosphate),Phosphate,2005-04-01,214.75,0.2148
DAP (diammonium phosphate),Phosphate,2005-05-01,217.2,0.2172
DAP (diammonium phosphate),Phosphate,2005-06-01,224.25,0.2242
DAP (diammonium phosphate),Phosphate,2005-07-01,228.25,0.2282
DAP (diammonium phosphate),Phosphate,2005-08-01,231.5,0.2315
DAP (diammonium phosphate),Phosphate,2005-09-01,240.75,0.2408
DAP (diammonium phosphate),Phosphate,2005-10-01,246.38,0.2464
DAP (diammonium phosphate),Phosphate,2005-11-01,246.13,0.2461
DAP (diammonium phosphate),Phosphate,2005-12-01,245.88,0.2459
DAP (diammonium phosphate),Phosphate,2006-01-01,244.3,0.2443
DAP (diammonium phosphate),Phosphate,2006-02-01,238.13,0.2381
DAP (diammonium phosphate),Phosphate,2006-03-01,233.63,0.2336
DAP (diammonium phosphate),Phosphate,2006-04-01,231.75,0.2318
DAP (diammonium phosphate),Phosphate,2006-05-01,232.9,0.2329
DAP (diammonium phosphate),Phosphate,2006-06-01,232.38,0.2324
DAP (diammonium phosphate),Phosphate,2006-07-01,230.3,0.2303
DAP (diammonium phosphate),Phosphate,2006-08-01,228.25,0.2282
DAP (diammonium phosphate),Phosphate,2006-09-01,225.13,0.2251
DAP (diammonium phosphate),Phosphate,2006-10-01,218.5,0.2185
DAP (diammonium phosphate),Phosphate,2006-11-01,219.38,0.2194
DAP (diammonium phosphate),Phosphate,2006-12-01,223.83,0.2238
DAP (diammonium phosphate),Phosphate,2007-01-01,249.2,0.2492
DAP (diammonium phosphate),Phosphate,2007-02-01,317.63,0.3176
DAP (diammonium phosphate),Phosphate,2007-03-01,387.0,0.387
DAP (diammonium phosphate),Phosphate,2007-04-01,404.6,0.4046
DAP (diammonium phosphate),Phosphate,2007-05-01,392.0,0.392
DAP (diammonium phosphate),Phosphate,2007-06-01,387.88,0.3879
DAP (diammonium phosphate),Phosphate,2007-07-01,398.5,0.3985
DAP (diammonium phosphate),Phosphate,2007-08-01,401.63,0.4016
DAP (diammonium phosphate),Phosphate,2007-09-01,399.63,0.3996
DAP (diammonium phosphate),Phosphate,2007-10-01,406.0,0.406
DAP (diammonium phosphate),Phosphate,2007-11-01,447.0,0.447
DAP (diammonium phosphate),Phosphate,2007-12-01,512.5,0.5125
DAP (diammonium phosphate),Phosphate,2008-01-01,593.88,0.5939
DAP (diammonium phosphate),Phosphate,2008-02-01,692.5,0.6925
DAP (diammonium phosphate),Phosphate,2008-03-01,862.2,0.8622
DAP (diammonium phosphate),Phosphate,2008-04-01,953.5,0.9535
DAP (diammonium phosphate),Phosphate,2008-05-01,997.5,0.9975
DAP (diammonium phosphate),Phosphate,2008-06-01,1004.1,1.0041
DAP (diammonium phosphate),Phosphate,2008-07-01,1075.75,1.0758
DAP (diammonium phosphate),Phosphate,2008-08-01,1065.0,1.065
DAP (diammonium phosphate),Phosphate,2008-09-01,980.0,0.98
DAP (diammonium phosphate),Phosphate,2008-10-01,910.0,0.91
DAP (diammonium phosphate),Phosphate,2008-11-01,710.0,0.71
DAP (diammonium phosphate),Phosphate,2008-12-01,495.0,0.495
DAP (diammonium phosphate),Phosphate,2009-01-01,308.88,0.3089
DAP (diammonium phosphate),Phosphate,2009-02-01,313.75,0.3137
DAP (diammonium phosphate),Phosphate,2009-03-01,317.8,0.3178
DAP (diammonium phosphate),Phosphate,2009-04-01,300.63,0.3006
DAP (diammonium phosphate),Phosphate,2009-05-01,267.88,0.2679
DAP (diammonium phosphate),Phosphate,2009-06-01,256.1,0.2561
DAP (diammonium phosphate),Phosphate,2009-07-01,263.25,0.2632
DAP (diammonium phosphate),Phosphate,2009-08-01,276.4,0.2764
DAP (diammonium phosphate),Phosphate,2009-09-01,280.63,0.2806
DAP (diammonium phosphate),Phosphate,2009-10-01,271.63,0.2716
DAP (diammonium phosphate),Phosphate,2009-11-01,273.2,0.2732
DAP (diammonium phosphate),Phosphate,2009-12-01,331.5,0.3315
DAP (diammonium phosphate),Phosphate,2010-01-01,383.0,0.383
DAP (diammonium phosphate),Phosphate,2010-02-01,413.63,0.4136
DAP (diammonium phosphate),Phosphate,2010-03-01,424.5,0.4245
DAP (diammonium phosphate),Phosphate,2010-04-01,417.5,0.4175
DAP (diammonium phosphate),Phosphate,2010-05-01,410.0,0.41
DAP (diammonium phosphate),Phosphate,2010-06-01,392.5,0.3925
DAP (diammonium phosphate),Phosphate,2010-07-01,418.13,0.4181
DAP (diammonium phosphate),Phosphate,2010-08-01,459.9,0.4599
DAP (diammonium phosphate),Phosphate,2010-09-01,506.0,0.506
DAP (diammonium phosphate),Phosphate,2010-10-01,557.25,0.5572
DAP (diammonium phosphate),Phosphate,2010-11-01,554.1,0.5541
DAP (diammonium phosphate),Phosphate,2010-12-01,540.63,0.5406
DAP (diammonium phosphate),Phosphate,2011-01-01,547.4,0.5474
DAP (diammonium phosphate),Phosphate,2011-02-01,413.63,0.4136
DAP (diammonium phosphate),Phosphate,2011-03-01,424.5,0.4245
DAP (diammonium phosphate),Phosphate,2011-04-01,417.5,0.4175
DAP (diammonium phosphate),Phosphate,2011-05-01,410.0,0.41
DAP (diammonium phosphate),Phosphate,2011-06-01,575.88,0.5759
DAP (diammonium phosphate),Phosphate,2011-07-01,597.63,0.5976
DAP (diammonium phosphate),Phosphate,2011-08-01,597.4,0.5974
DAP (diammonium phosphate),Phosphate,2011-09-01,587.88,0.5879
DAP (diammonium phosphate),Phosphate,2011-10-01,571.4,0.5714
DAP (diammonium phosphate),Phosphate,2011-11-01,563.5,0.5635
DAP (diammonium phosphate),Phosphate,2011-12-01,488.75,0.4888
DAP (diammonium phosphate),Phosphate,2012-01-01,451.4,0.4514
DAP (diammonium phosphate),Phosphate,2012-02-01,435.5,0.4355
DAP (diammonium phosphate),Phosphate,2012-03-01,442.88,0.4429
DAP (diammonium phosphate),Phosphate,2012-04-01,478.0,0.478
DAP (diammonium phosphate),Phosphate,2012-05-01,490.5,0.4905
DAP (diammonium phosphate),Phosphate,2012-06-01,501.63,0.5016
DAP (diammonium phosphate),Phosphate,2012-07-01,436.88,0.4369
DAP (diammonium phosphate),Phosphate,2012-08-01,504.5,0.5045
DAP (diammonium phosphate),Phosphate,2012-09-01,527.38,0.5274
DAP (diammonium phosphate),Phosphate,2012-10-01,533.5,0.5335
DAP (diammonium phosphate),Phosphate,2012-11-01,487.88,0.4879
DAP (diammonium phosphate),Phosphate,2012-12-01,472.83,0.4728
DAP (diammonium phosphate),Phosphate,2013-01-01,462.25,0.4622
DAP (diammonium phosphate),Phosphate,2013-02-01,464.5,0.4645
DAP (diammonium phosphate),Phosphate,2013-03-01,467.63,0.4676
DAP (diammonium phosphate),Phosphate,2013-04-01,461.13,0.4611
DAP (diammonium phosphate),Phosphate,2013-05-01,421.25,0.4212
DAP (diammonium phosphate),Phosphate,2013-06-01,424.13,0.4241
DAP (diammonium phosphate),Phosphate,2013-07-01,409.63,0.4096
DAP (diammonium phosphate),Phosphate,2013-08-01,400.38,0.4004
DAP (diammonium phosphate),Phosphate,2013-09-01,374.8,0.3748
DAP (diammonium phosphate),Phosphate,2013-10-01,370.0,0.37
DAP (diammonium phosphate),Phosphate,2013-11-01,334.38,0.3344
DAP (diammonium phosphate),Phosphate,2013-12-01,341.63,0.3416
DAP (diammonium phosphate),Phosphate,2014-01-01,403.38,0.4034
DAP (diammonium phosphate),Phosphate,2014-02-01,450.13,0.4501
DAP (diammonium phosphate),Phosphate,2014-03-01,486.5,0.4865
DAP (diammonium phosphate),Phosphate,2014-04-01,409.0,0.409
DAP (diammonium phosphate),Phosphate,2014-05-01,413.56,0.4136
DAP (diammonium phosphate),Phosphate,2014-06-01,421.38,0.4214
DAP (diammonium phosphate),Phosphate,2014-07-01,440.63,0.4406
DAP (diammonium phosphate),Phosphate,2014-08-01,446.5,0.4465
DAP (diammonium phosphate),Phosphate,2014-09-01,438.1,0.4381
DAP (diammonium phosphate),Phosphate,2014-10-01,418.75,0.4188
DAP (diammonium phosphate),Phosphate,2014-11-01,408.75,0.4088
DAP (diammonium phosphate),Phosphate,2014-12-01,418.38,0.4184
DAP (diammonium phosphate),Phosphate,2015-01-01,440.25,0.4402
DAP (diammonium phosphate),Phosphate,2015-02-01,444.13,0.4441
DAP (diammonium phosphate),Phosphate,2015-03-01,428.8,0.4288
DAP (diammonium phosphate),Phosphate,2015-04-01,409.0,0.409
DAP (diammonium phosphate),Phosphate,2015-05-01,413.56,0.4136
DAP (diammonium phosphate),Phosphate,2015-06-01,421.38,0.4214
DAP (diammonium phosphate),Phosphate,2015-07-01,431.5,0.4315
DAP (diammonium phosphate),Phosphate,2015-08-01,434.63,0.4346
DAP (diammonium phosphate),Phosphate,2015-09-01,428.0,0.428
DAP (diammonium phosphate),Phosphate,2015-10-01,423.75,0.4238
DAP (diammonium phosphate),Phosphate,2015-11-01,383.88,0.3839
DAP (diammonium phosphate),Phosphate,2015-12-01,340.63,0.3406
DAP (diammonium phosphate),Phosphate,2016-01-01,327.13,0.3271
DAP (diammonium phosphate),Phosphate,2016-02-01,326.0,0.326
DAP (diammonium phosphate),Phosphate,2016-03-01,338.13,0.3381
DAP (diammonium phosphate),Phosphate,2016-04-01,330.5,0.3305
DAP (diammonium phosphate),Phosphate,2016-05-01,313.5,0.3135
DAP (diammonium phosphate),Phosphate,2016-06-01,306.63,0.3066
DAP (diammonium phosphate),Phosphate,2016-07-01,305.2,0.3052
DAP (diammonium phosphate),Phosphate,2016-08-01,318.06,0.3181
DAP (diammonium phosphate),Phosphate,2016-09-01,320.0,0.32
DAP (diammonium phosphate),Phosphate,2016-10-01,310.0,0.31
DAP (diammonium phosphate),Phosphate,2016-11-01,298.0,0.298
DAP (diammonium phosphate),Phosphate,2016-12-01,296.63,0.2966
DAP (diammonium phosphate),Phosphate,2017-01-01,308.0,0.308
DAP (diammonium phosphate),Phosphate,2017-02-01,326.0,0.326
DAP (diammonium phosphate),Phosphate,2017-03-01,325.63,0.3256
DAP (diammonium phosphate),Phosphate,2017-04-01,313.13,0.3131
DAP (diammonium phosphate),Phosphate,2017-05-01,309.25,0.3093
DAP (diammonium phosphate),Phosphate,2017-06-01,310.3,0.3103
DAP (diammonium phosphate),Phosphate,2017-07-01,313.75,0.3137
DAP (diammonium phosphate),Phosphate,2017-08-01,320.75,0.3208
DAP (diammonium phosphate),Phosphate,2017-09-01,325.9,0.3259
DAP (diammonium phosphate),Phosphate,2017-10-01,322.38,0.3224
DAP (diammonium phosphate),Phosphate,2017-11-01,344.0,0.344
DAP (diammonium phosphate),Phosphate,2017-12-01,357.25,0.3572
DAP (diammonium phosphate),Phosphate,2018-01-01,360.38,0.3604
DAP (diammonium phosphate),Phosphate,2018-02-01,370.0,0.37
DAP (diammonium phosphate),Phosphate,2018-03-01,378.0,0.378
DAP (diammonium phosphate),Phosphate,2018-04-01,384.75,0.3848
DAP (diammonium phosphate),Phosphate,2018-05-01,384.38,0.3844
DAP (diammonium phosphate),Phosphate,2018-06-01,391.6,0.3916
DAP (diammonium phosphate),Phosphate,2018-07-01,400.75,0.4008
DAP (diammonium phosphate),Phosphate,2018-08-01,409.0,0.409
DAP (diammonium phosphate),Phosphate,2018-09-01,421.63,0.4216
DAP (diammonium phosphate),Phosphate,2018-10-01,420.75,0.4208
DAP (diammonium phosphate),Phosphate,2018-11-01,410.2,0.4102
DAP (diammonium phosphate),Phosphate,2018-12-01,389.67,0.3897
DAP (diammonium phosphate),Phosphate,2019-01-01,382.13,0.3821
DAP (diammonium phosphate),Phosphate,2019-02-01,357.38,0.3574
DAP (diammonium phosphate),Phosphate,2019-03-01,335.03,0.335
DAP (diammonium phosphate),Phosphate,2019-04-01,323.75,0.3238
DAP (diammonium phosphate),Phosphate,2019-05-01,313.4,0.3134
DAP (diammonium phosphate),Phosphate,2019-06-01,314.88,0.3149
DAP (diammonium phosphate),Phosphate,2019-07-01,307.5,0.3075
DAP (diammonium phosphate),Phosphate,2019-08-01,292.9,0.2929
DAP (diammonium phosphate),Phosphate,2019-09-01,285.75,0.2858
DAP (diammonium phosphate),Phosphate,2019-10-01,277.38,0.2774
DAP (diammonium phosphate),Phosphate,2019-11-01,248.0,0.248
DAP (diammonium phosphate),Phosphate,2019-12-01,238.16,0.2382
DAP (diammonium phosphate),Phosphate,2020-01-01,264.9,0.2649
DAP (diammonium phosphate),Phosphate,2020-02-01,279.38,0.2794
DAP (diammonium phosphate),Phosphate,2020-03-01,276.22,0.2762
DAP (diammonium phosphate),Phosphate,2020-04-01,282.0,0.282
DAP (diammonium phosphate),Phosphate,2020-05-01,263.0,0.263
DAP (diammonium phosphate),Phosphate,2020-06-01,273.0,0.273
DAP (diammonium phosphate),Phosphate,2020-07-01,305.1,0.3051
DAP (diammonium phosphate),Phosphate,2020-08-01,341.88,0.3419
DAP (diammonium phosphate),Phosphate,2020-09-01,358.38,0.3584
DAP (diammonium phosphate),Phosphate,2020-10-01,357.1,0.3571
DAP (diammonium phosphate),Phosphate,2020-11-01,359.63,0.3596
DAP (diammonium phosphate),Phosphate,2020-12-01,388.5,0.3885
DAP (diammonium phosphate),Phosphate,2021-01-01,421.3,0.4213
DAP (diammonium phosphate),Phosphate,2021-02-01,528.88,0.5289
DAP (diammonium phosphate),Phosphate,2021-03-01,534.13,0.5341
DAP (diammonium phosphate),Phosphate,2021-04-01,543.4,0.5434
DAP (diammonium phosphate),Phosphate,2021-05-01,574.63,0.5746
DAP (diammonium phosphate),Phosphate,2021-06-01,604.75,0.6048
DAP (diammonium phosphate),Phosphate,2021-07-01,613.0,0.613
DAP (diammonium phosphate),Phosphate,2021-08-01,603.13,0.6031
DAP (diammonium phosphate),Phosphate,2021-09-01,643.75,0.6438
DAP (diammonium phosphate),Phosphate,2021-10-01,672.9,0.6729
DAP (diammonium phosphate),Phosphate,2021-11-01,726.69,0.7267
DAP (diammonium phosphate),Phosphate,2021-12-01,745.0,0.745
DAP (diammonium phosphate),Phosphate,2022-01-01,699.38,0.6994
DAP (diammonium phosphate),Phosphate,2022-02-01,747.13,0.7471
DAP (diammonium phosphate),Phosphate,2022-03-01,938.13,0.9381
DAP (diammonium phosphate),Phosphate,2022-04-01,954.0,0.954
DAP (diammonium phosphate),Phosphate,2022-05-01,842.5,0.8425
DAP (diammonium phosphate),Phosphate,2022-06-01,783.75,0.7837
DAP (diammonium phosphate),Phosphate,2022-07-01,784.0,0.784
DAP (diammonium phosphate),Phosphate,2022-08-01,749.38,0.7494
DAP (diammonium phosphate),Phosphate,2022-09-01,752.0,0.752
DAP (diammonium phosphate),Phosphate,2022-10-01,725.0,0.725
DAP (diammonium phosphate),Phosphate,2022-11-01,665.63,0.6656
DAP (diammonium phosphate),Phosphate,2022-12-01,625.0,0.625
DAP (diammonium phosphate),Phosphate,2023-01-01,631.0,0.631
DAP (diammonium phosphate),Phosphate,2023-02-01,612.5,0.6125
DAP (diammonium phosphate),Phosphate,2023-03-01,606.0,0.606
DAP (diammonium phosphate),Phosphate,2023-04-01,637.0,0.637
DAP (diammonium phosphate),Phosphate,2023-05-01,510.0,0.51
DAP (diammonium phosphate),Phosphate,2023-06-01,454.55,0.4546
DAP (diammonium phosphate),Phosphate,2023-07-01,458.75,0.4588
DAP (diammonium phosphate),Phosphate,2023-08-01,528.75,0.5288
DAP (diammonium phosphate),Phosphate,2023-09-01,527.9,0.5279
DAP (diammonium phosphate),Phosphate,2023-10-01,534.75,0.5347
DAP (diammonium phosphate),Phosphate,2023-11-01,535.63,0.5356
DAP (diammonium phosphate),Phosphate,2023-12-01,563.75,0.5638
DAP (diammonium phosphate),Phosphate,2024-01-01,596.25,0.5962
DAP (diammonium phosphate),Phosphate,2024-02-01,583.81,0.5838
DAP (diammonium phosphate),Phosphate,2024-03-01,617.5,0.6175
DAP (diammonium phosphate),Phosphate,2024-04-01,545.0,0.545
DAP (diammonium phosphate),Phosphate,2024-05-01,522.0,0.522
DAP (diammonium phosphate),Phosphate,2024-06-01,543.0,0.543
DAP (diammonium phosphate),Phosphate,2024-07-01,539.4,0.5394
DAP (diammonium phosphate),Phosphate,2024-08-01,546.0,0.546
DAP (diammonium phosphate),Phosphate,2024-09-01,554.75,0.5548
DAP (diammonium phosphate),Phosphate,2024-10-01,573.44,0.5734
DAP (diammonium phosphate),Phosphate,2024-11-01,574.5,0.5745
DAP (diammonium phosphate),Phosphate,2024-12-01,568.33,0.5683
DAP (diammonium phosphate),Phosphate,2025-01-01,582.7,0.5827
DAP (diammonium phosphate),Phosphate,2025-02-01,603.75,0.6038
DAP (diammonium phosphate),Phosphate,2025-03-01,615.13,0.6151
DAP (diammonium phosphate),Phosphate,2025-04-01,635.0,0.635
DAP (diammonium phosphate),Phosphate,2025-05-01,669.2,0.6692
DAP (diammonium phosphate),Phosphate,2025-06-01,715.38,0.7154
DAP (diammonium phosphate),Phosphate,2025-07-01,736.0,0.736
DAP (diammonium phosphate),Phosphate,2025-08-01,795.1,0.7951
DAP (diammonium phosphate),Phosphate,2025-09-01,780.63,0.7806
DAP (diammonium phosphate),Phosphate,2025-10-01,754.0,0.754
DAP (diammonium phosphate),Phosphate,2025-11-01,708.25,0.7083
DAP (diammonium phosphate),Phosphate,2025-12-01,627.5,0.6275
DAP (diammonium phosphate),Phosphate,2026-01-01,619.2,0.6192
DAP (diammonium phosphate),Phosphate,2026-02-01,626.5,0.6265
DAP (diammonium phosphate),Phosphate,2026-03-01,658.25,0.6582
Phosphate rock,Phosphate,1996-04-01,33.5,0.0335
Phosphate rock,Phosphate,1996-05-01,33.5,0.0335
Phosphate rock,Phosphate,1996-06-01,33.5,0.0335
Phosphate rock,Phosphate,1996-07-01,32.9,0.0329
Phosphate rock,Phosphate,1996-08-01,32.5,0.0325
Phosphate rock,Phosphate,1996-09-01,32.5,0.0325
Phosphate rock,Phosphate,1996-10-01,32.5,0.0325
Phosphate rock,Phosphate,1996-11-01,32.5,0.0325
Phosphate rock,Phosphate,1996-12-01,32.5,0.0325
Phosphate rock,Phosphate,1997-01-01,32.5,0.0325
Phosphate rock,Phosphate,1997-02-01,32.5,0.0325
Phosphate rock,Phosphate,1997-03-01,32.5,0.0325
Phosphate rock,Phosphate,1997-04-01,32.5,0.0325
Phosphate rock,Phosphate,1997-05-01,32.5,0.0325
Phosphate rock,Phosphate,1997-06-01,32.5,0.0325
Phosphate rock,Phosphate,1997-07-01,32.5,0.0325
Phosphate rock,Phosphate,1997-08-01,32.5,0.0325
Phosphate rock,Phosphate,1997-09-01,32.5,0.0325
Phosphate rock,Phosphate,1997-10-01,32.5,0.0325
Phosphate rock,Phosphate,1997-11-01,32.5,0.0325
Phosphate rock,Phosphate,1997-12-01,32.5,0.0325
Phosphate rock,Phosphate,1998-01-01,32.5,0.0325
Phosphate rock,Phosphate,1998-02-01,32.5,0.0325
Phosphate rock,Phosphate,1998-03-01,32.5,0.0325
Phosphate rock,Phosphate,1998-04-01,32.5,0.0325
Phosphate rock,Phosphate,1998-05-01,32.5,0.0325
Phosphate rock,Phosphate,1998-06-01,32.5,0.0325
Phosphate rock,Phosphate,1998-07-01,32.5,0.0325
Phosphate rock,Phosphate,1998-08-01,32.5,0.0325
Phosphate rock,Phosphate,1998-09-01,32.5,0.0325
Phosphate rock,Phosphate,1998-10-01,32.5,0.0325
Phosphate rock,Phosphate,1998-11-01,32.5,0.0325
Phosphate rock,Phosphate,1998-12-01,32.5,0.0325
Phosphate rock,Phosphate,1999-01-01,32.5,0.0325
Phosphate rock,Phosphate,1999-02-01,41.13,0.0411
Phosphate rock,Phosphate,1999-03-01,44.0,0.044
Phosphate rock,Phosphate,1999-04-01,44.0,0.044
Phosphate rock,Phosphate,1999-05-01,44.0,0.044
Phosphate rock,Phosphate,1999-06-01,44.0,0.044
Phosphate rock,Phosphate,1999-07-01,44.0,0.044
Phosphate rock,Phosphate,1999-08-01,44.0,0.044
Phosphate rock,Phosphate,1999-09-01,44.0,0.044
Phosphate rock,Phosphate,1999-10-01,44.0,0.044
Phosphate rock,Phosphate,1999-11-01,44.0,0.044
Phosphate rock,Phosphate,1999-12-01,44.0,0.044
Phosphate rock,Phosphate,2000-01-01,44.0,0.044
Phosphate rock,Phosphate,2000-02-01,44.0,0.044
Phosphate rock,Phosphate,2000-03-01,44.0,0.044
Phosphate rock,Phosphate,2000-04-01,44.0,0.044
Phosphate rock,Phosphate,2000-05-01,44.0,0.044
Phosphate rock,Phosphate,2000-06-01,44.0,0.044
Phosphate rock,Phosphate,2000-07-01,44.0,0.044
Phosphate rock,Phosphate,2000-08-01,44.0,0.044
Phosphate rock,Phosphate,2000-09-01,44.0,0.044
Phosphate rock,Phosphate,2000-10-01,44.0,0.044
Phosphate rock,Phosphate,2000-11-01,44.0,0.044
Phosphate rock,Phosphate,2000-12-01,44.0,0.044
Phosphate rock,Phosphate,2001-01-01,44.0,0.044
Phosphate rock,Phosphate,2001-02-01,44.0,0.044
Phosphate rock,Phosphate,2001-03-01,44.0,0.044
Phosphate rock,Phosphate,2001-04-01,44.0,0.044
Phosphate rock,Phosphate,2001-05-01,44.0,0.044
Phosphate rock,Phosphate,2001-06-01,44.0,0.044
Phosphate rock,Phosphate,2001-07-01,44.0,0.044
Phosphate rock,Phosphate,2001-08-01,44.0,0.044
Phosphate rock,Phosphate,2001-09-01,44.0,0.044
Phosphate rock,Phosphate,2001-10-01,44.0,0.044
Phosphate rock,Phosphate,2001-11-01,44.0,0.044
Phosphate rock,Phosphate,2001-12-01,44.0,0.044
Phosphate rock,Phosphate,2002-01-01,44.0,0.044
Phosphate rock,Phosphate,2002-02-01,44.0,0.044
Phosphate rock,Phosphate,2002-03-01,44.0,0.044
Phosphate rock,Phosphate,2002-04-01,44.0,0.044
Phosphate rock,Phosphate,2002-05-01,44.0,0.044
Phosphate rock,Phosphate,2002-06-01,44.0,0.044
Phosphate rock,Phosphate,2002-07-01,44.0,0.044
Phosphate rock,Phosphate,2002-08-01,44.0,0.044
Phosphate rock,Phosphate,2002-09-01,44.0,0.044
Phosphate rock,Phosphate,2002-10-01,44.0,0.044
Phosphate rock,Phosphate,2002-11-01,44.0,0.044
Phosphate rock,Phosphate,2002-12-01,44.0,0.044
Phosphate rock,Phosphate,2003-01-01,44.0,0.044
Phosphate rock,Phosphate,2003-02-01,44.0,0.044
Phosphate rock,Phosphate,2003-03-01,44.0,0.044
Phosphate rock,Phosphate,2003-04-01,44.0,0.044
Phosphate rock,Phosphate,2003-05-01,44.0,0.044
Phosphate rock,Phosphate,2003-06-01,44.0,0.044
Phosphate rock,Phosphate,2003-07-01,44.0,0.044
Phosphate rock,Phosphate,2003-08-01,44.0,0.044
Phosphate rock,Phosphate,2003-09-01,44.0,0.044
Phosphate rock,Phosphate,2003-10-01,44.0,0.044
Phosphate rock,Phosphate,2003-11-01,44.0,0.044
Phosphate rock,Phosphate,2003-12-01,44.0,0.044
Phosphate rock,Phosphate,2004-01-01,44.0,0.044
Phosphate rock,Phosphate,2004-02-01,44.0,0.044
Phosphate rock,Phosphate,2004-03-01,44.0,0.044
Phosphate rock,Phosphate,2004-04-01,44.0,0.044
Phosphate rock,Phosphate,2004-05-01,44.0,0.044
Phosphate rock,Phosphate,2004-06-01,44.0,0.044
Phosphate rock,Phosphate,2004-07-01,44.0,0.044
Phosphate rock,Phosphate,2004-08-01,44.0,0.044
Phosphate rock,Phosphate,2004-09-01,44.0,0.044
Phosphate rock,Phosphate,2004-10-01,44.0,0.044
Phosphate rock,Phosphate,2004-11-01,44.0,0.044
Phosphate rock,Phosphate,2004-12-01,44.0,0.044
Phosphate rock,Phosphate,2005-01-01,44.0,0.044
Phosphate rock,Phosphate,2005-02-01,44.0,0.044
Phosphate rock,Phosphate,2005-03-01,44.0,0.044
Phosphate rock,Phosphate,2005-04-01,44.0,0.044
Phosphate rock,Phosphate,2005-05-01,44.0,0.044
Phosphate rock,Phosphate,2005-06-01,44.0,0.044
Phosphate rock,Phosphate,2005-07-01,44.0,0.044
Phosphate rock,Phosphate,2005-08-01,44.0,0.044
Phosphate rock,Phosphate,2005-09-01,44.0,0.044
Phosphate rock,Phosphate,2005-10-01,44.0,0.044
Phosphate rock,Phosphate,2005-11-01,44.0,0.044
Phosphate rock,Phosphate,2005-12-01,44.0,0.044
Phosphate rock,Phosphate,2006-01-01,44.0,0.044
Phosphate rock,Phosphate,2006-02-01,44.0,0.044
Phosphate rock,Phosphate,2006-03-01,44.0,0.044
Phosphate rock,Phosphate,2006-04-01,44.0,0.044
Phosphate rock,Phosphate,2006-05-01,44.0,0.044
Phosphate rock,Phosphate,2006-06-01,44.0,0.044
Phosphate rock,Phosphate,2006-07-01,44.0,0.044
Phosphate rock,Phosphate,2006-08-01,44.0,0.044
Phosphate rock,Phosphate,2006-09-01,44.0,0.044
Phosphate rock,Phosphate,2006-10-01,44.0,0.044
Phosphate rock,Phosphate,2006-11-01,44.0,0.044
Phosphate rock,Phosphate,2006-12-01,44.0,0.044
Phosphate rock,Phosphate,2007-01-01,44.0,0.044
Phosphate rock,Phosphate,2007-02-01,44.0,0.044
Phosphate rock,Phosphate,2007-03-01,44.0,0.044
Phosphate rock,Phosphate,2007-04-01,44.0,0.044
Phosphate rock,Phosphate,2007-05-01,44.0,0.044
Phosphate rock,Phosphate,2007-06-01,44.0,0.044
Phosphate rock,Phosphate,2007-07-01,44.0,0.044
Phosphate rock,Phosphate,2007-08-01,44.0,0.044
Phosphate rock,Phosphate,2007-09-01,57.75,0.0578
Phosphate rock,Phosphate,2007-10-01,71.5,0.0715
Phosphate rock,Phosphate,2007-11-01,71.5,0.0715
Phosphate rock,Phosphate,2007-12-01,71.5,0.0715
Phosphate rock,Phosphate,2008-01-01,71.5,0.0715
Phosphate rock,Phosphate,2008-02-01,71.5,0.0715
Phosphate rock,Phosphate,2008-03-01,71.5,0.0715
Phosphate rock,Phosphate,2008-04-01,160.38,0.1604
Phosphate rock,Phosphate,2008-05-01,190.0,0.19
Phosphate rock,Phosphate,2008-06-01,190.0,0.19
Phosphate rock,Phosphate,2008-07-01,240.0,0.24
Phosphate rock,Phosphate,2008-08-01,290.0,0.29
Phosphate rock,Phosphate,2008-09-01,278.0,0.278
Phosphate rock,Phosphate,2008-10-01,450.0,0.45
Phosphate rock,Phosphate,2008-11-01,450.0,0.45
Phosphate rock,Phosphate,2008-12-01,450.0,0.45
Phosphate rock,Phosphate,2009-01-01,450.0,0.45
Phosphate rock,Phosphate,2009-02-01,450.0,0.45
Phosphate rock,Phosphate,2009-03-01,450.0,0.45
Phosphate rock,Phosphate,2009-04-01,315.0,0.315
Phosphate rock,Phosphate,2009-05-01,270.0,0.27
Phosphate rock,Phosphate,2009-06-01,198.0,0.198
Phosphate rock,Phosphate,2009-07-01,90.0,0.09
Phosphate rock,Phosphate,2009-08-01,90.0,0.09
Phosphate rock,Phosphate,2009-09-01,90.0,0.09
Phosphate rock,Phosphate,2009-10-01,90.0,0.09
Phosphate rock,Phosphate,2009-11-01,90.0,0.09
Phosphate rock,Phosphate,2009-12-01,90.0,0.09
Phosphate rock,Phosphate,2010-01-01,90.0,0.09
Phosphate rock,Phosphate,2010-02-01,90.0,0.09
Phosphate rock,Phosphate,2010-03-01,90.0,0.09
Phosphate rock,Phosphate,2010-04-01,90.0,0.09
Phosphate rock,Phosphate,2010-05-01,90.0,0.09
Phosphate rock,Phosphate,2010-06-01,90.0,0.09
Phosphate rock,Phosphate,2010-07-01,98.75,0.0988
Phosphate rock,Phosphate,2010-08-01,125.0,0.125
Phosphate rock,Phosphate,2010-09-01,125.0,0.125
Phosphate rock,Phosphate,2010-10-01,125.0,0.125
Phosphate rock,Phosphate,2010-11-01,125.0,0.125
Phosphate rock,Phosphate,2010-12-01,125.0,0.125
Phosphate rock,Phosphate,2011-01-01,125.0,0.125
Phosphate rock,Phosphate,2011-02-01,140.0,0.14
Phosphate rock,Phosphate,2011-03-01,145.0,0.145
Phosphate rock,Phosphate,2011-04-01,145.0,0.145
Phosphate rock,Phosphate,2011-05-01,147.0,0.147
Phosphate rock,Phosphate,2011-06-01,155.0,0.155
Phosphate rock,Phosphate,2011-07-01,161.88,0.1619
Phosphate rock,Phosphate,2011-08-01,182.5,0.1825
Phosphate rock,Phosphate,2011-09-01,182.5,0.1825
Phosphate rock,Phosphate,2011-10-01,188.75,0.1888
Phosphate rock,Phosphate,2011-11-01,195.0,0.195
Phosphate rock,Phosphate,2011-12-01,195.0,0.195
Phosphate rock,Phosphate,2012-01-01,195.0,0.195
Phosphate rock,Phosphate,2012-02-01,190.0,0.19
Phosphate rock,Phosphate,2012-03-01,160.0,0.16
Phosphate rock,Phosphate,2012-04-01,185.0,0.185
Phosphate rock,Phosphate,2012-05-01,195.0,0.195
Phosphate rock,Phosphate,2012-06-01,193.13,0.1931
Phosphate rock,Phosphate,2012-07-01,188.5,0.1885
Phosphate rock,Phosphate,2012-08-01,182.5,0.1825
Phosphate rock,Phosphate,2012-09-01,182.5,0.1825
Phosphate rock,Phosphate,2012-10-01,182.5,0.1825
Phosphate rock,Phosphate,2012-11-01,182.5,0.1825
Phosphate rock,Phosphate,2012-12-01,182.5,0.1825
Phosphate rock,Phosphate,2013-01-01,182.5,0.1825
Phosphate rock,Phosphate,2013-02-01,182.5,0.1825
Phosphate rock,Phosphate,2013-03-01,160.0,0.16
Phosphate rock,Phosphate,2013-04-01,111.5,0.1115
Phosphate rock,Phosphate,2013-05-01,157.5,0.1575
Phosphate rock,Phosphate,2013-06-01,125.63,0.1256
Phosphate rock,Phosphate,2013-07-01,115.0,0.115
Phosphate rock,Phosphate,2013-08-01,115.0,0.115
Phosphate rock,Phosphate,2013-09-01,97.5,0.0975
Phosphate rock,Phosphate,2013-10-01,84.38,0.0844
Phosphate rock,Phosphate,2013-11-01,87.5,0.0875
Phosphate rock,Phosphate,2013-12-01,96.88,0.0969
Phosphate rock,Phosphate,2014-01-01,97.5,0.0975
Phosphate rock,Phosphate,2014-02-01,97.5,0.0975
Phosphate rock,Phosphate,2014-03-01,106.6,0.1066
Phosphate rock,Phosphate,2014-04-01,111.5,0.1115
Phosphate rock,Phosphate,2014-05-01,112.63,0.1126
Phosphate rock,Phosphate,2014-06-01,111.4,0.1114
Phosphate rock,Phosphate,2014-07-01,111.0,0.111
Phosphate rock,Phosphate,2014-08-01,111.0,0.111
Phosphate rock,Phosphate,2014-09-01,111.38,0.1114
Phosphate rock,Phosphate,2014-10-01,116.0,0.116
Phosphate rock,Phosphate,2014-11-01,119.5,0.1195
Phosphate rock,Phosphate,2014-12-01,119.5,0.1195
Phosphate rock,Phosphate,2015-01-01,119.5,0.1195
Phosphate rock,Phosphate,2015-02-01,121.25,0.1212
Phosphate rock,Phosphate,2015-03-01,123.0,0.123
Phosphate rock,Phosphate,2015-04-01,114.13,0.1141
Phosphate rock,Phosphate,2015-05-01,110.5,0.1105
Phosphate rock,Phosphate,2015-06-01,118.9,0.1189
Phosphate rock,Phosphate,2015-07-01,121.0,0.121
Phosphate rock,Phosphate,2015-08-01,121.0,0.121
Phosphate rock,Phosphate,2015-09-01,124.0,0.124
Phosphate rock,Phosphate,2015-10-01,123.5,0.1235
Phosphate rock,Phosphate,2015-11-01,123.5,0.1235
Phosphate rock,Phosphate,2015-12-01,123.5,0.1235
Phosphate rock,Phosphate,2016-01-01,122.6,0.1226
Phosphate rock,Phosphate,2016-02-01,114.5,0.1145
Phosphate rock,Phosphate,2016-03-01,114.5,0.1145
Phosphate rock,Phosphate,2016-04-01,114.13,0.1141
Phosphate rock,Phosphate,2016-05-01,110.5,0.1105
Phosphate rock,Phosphate,2016-06-01,110.5,0.1105
Phosphate rock,Phosphate,2016-07-01,110.5,0.1105
Phosphate rock,Phosphate,2016-08-01,109.75,0.1098
Phosphate rock,Phosphate,2016-09-01,109.0,0.109
Phosphate rock,Phosphate,2016-10-01,109.0,0.109
Phosphate rock,Phosphate,2016-11-01,103.0,0.103
Phosphate rock,Phosphate,2016-12-01,97.5,0.0975
Phosphate rock,Phosphate,2017-01-01,96.88,0.0969
Phosphate rock,Phosphate,2017-02-01,95.0,0.095
Phosphate rock,Phosphate,2017-03-01,97.5,0.0975
Phosphate rock,Phosphate,2017-04-01,95.63,0.0956
Phosphate rock,Phosphate,2017-05-01,92.5,0.0925
Phosphate rock,Phosphate,2017-06-01,92.5,0.0925
Phosphate rock,Phosphate,2017-07-01,92.5,0.0925
Phosphate rock,Phosphate,2017-08-01,88.75,0.0888
Phosphate rock,Phosphate,2017-09-01,85.0,0.085
Phosphate rock,Phosphate,2017-10-01,80.0,0.08
Phosphate rock,Phosphate,2017-11-01,80.0,0.08
Phosphate rock,Phosphate,2017-12-01,80.0,0.08
Phosphate rock,Phosphate,2018-01-01,80.0,0.08
Phosphate rock,Phosphate,2018-02-01,82.5,0.0825
Phosphate rock,Phosphate,2018-03-01,84.7,0.0847
Phosphate rock,Phosphate,2018-04-01,88.0,0.088
Phosphate rock,Phosphate,2018-05-01,88.0,0.088
Phosphate rock,Phosphate,2018-06-01,86.8,0.0868
Phosphate rock,Phosphate,2018-07-01,86.88,0.0869
Phosphate rock,Phosphate,2018-08-01,87.5,0.0875
Phosphate rock,Phosphate,2018-09-01,87.5,0.0875
Phosphate rock,Phosphate,2018-10-01,91.25,0.0912
Phosphate rock,Phosphate,2018-11-01,92.5,0.0925
Phosphate rock,Phosphate,2018-12-01,99.17,0.0992
Phosphate rock,Phosphate,2019-01-01,102.5,0.1025
Phosphate rock,Phosphate,2019-02-01,102.5,0.1025
Phosphate rock,Phosphate,2019-03-01,98.5,0.0985
Phosphate rock,Phosphate,2019-04-01,97.5,0.0975
Phosphate rock,Phosphate,2019-05-01,97.5,0.0975
Phosphate rock,Phosphate,2019-06-01,97.5,0.0975
Phosphate rock,Phosphate,2019-07-01,80.0,0.08
Phosphate rock,Phosphate,2019-08-01,78.0,0.078
Phosphate rock,Phosphate,2019-09-01,77.5,0.0775
Phosphate rock,Phosphate,2019-10-01,77.5,0.0775
Phosphate rock,Phosphate,2019-11-01,74.0,0.074
Phosphate rock,Phosphate,2019-12-01,72.5,0.0725
Phosphate rock,Phosphate,2020-01-01,72.5,0.0725
Phosphate rock,Phosphate,2020-02-01,72.5,0.0725
Phosphate rock,Phosphate,2020-03-01,71.88,0.0719
Phosphate rock,Phosphate,2020-04-01,70.75,0.0707
Phosphate rock,Phosphate,2020-05-01,72.9,0.0729
Phosphate rock,Phosphate,2020-06-01,75.0,0.075
Phosphate rock,Phosphate,2020-07-01,75.0,0.075
Phosphate rock,Phosphate,2020-08-01,76.88,0.0769
Phosphate rock,Phosphate,2020-09-01,79.38,0.0794
Phosphate rock,Phosphate,2020-10-01,80.0,0.08
Phosphate rock,Phosphate,2020-11-01,82.5,0.0825
Phosphate rock,Phosphate,2020-12-01,83.33,0.0833
Phosphate rock,Phosphate,2021-01-01,85.0,0.085
Phosphate rock,Phosphate,2021-02-01,88.13,0.0881
Phosphate rock,Phosphate,2021-03-01,96.25,0.0962
Phosphate rock,Phosphate,2021-04-01,95.0,0.095
Phosphate rock,Phosphate,2021-05-01,102.5,0.1025
Phosphate rock,Phosphate,2021-06-01,125.0,0.125
Phosphate rock,Phosphate,2021-07-01,125.0,0.125
Phosphate rock,Phosphate,2021-08-01,136.88,0.1369
Phosphate rock,Phosphate,2021-09-01,147.5,0.1475
Phosphate rock,Phosphate,2021-10-01,147.5,0.1475
Phosphate rock,Phosphate,2021-11-01,153.13,0.1531
Phosphate rock,Phosphate,2021-12-01,176.67,0.1767
Phosphate rock,Phosphate,2022-01-01,173.13,0.1731
Phosphate rock,Phosphate,2022-02-01,172.5,0.1725
Phosphate rock,Phosphate,2022-03-01,178.75,0.1788
Phosphate rock,Phosphate,2022-04-01,249.5,0.2495
Phosphate rock,Phosphate,2022-05-01,255.0,0.255
Phosphate rock,Phosphate,2022-06-01,287.5,0.2875
Phosphate rock,Phosphate,2022-07-01,320.0,0.32
Phosphate rock,Phosphate,2022-08-01,320.0,0.32
Phosphate rock,Phosphate,2022-09-01,320.0,0.32
Phosphate rock,Phosphate,2022-10-01,317.5,0.3175
Phosphate rock,Phosphate,2022-11-01,300.0,0.3
Phosphate rock,Phosphate,2022-12-01,300.0,0.3
Phosphate rock,Phosphate,2023-01-01,300.0,0.3
Phosphate rock,Phosphate,2023-02-01,322.5,0.3225
Phosphate rock,Phosphate,2023-03-01,345.0,0.345
Phosphate rock,Phosphate,2023-04-01,345.0,0.345
Phosphate rock,Phosphate,2023-05-01,345.0,0.345
Phosphate rock,Phosphate,2023-06-01,344.5,0.3445
Phosphate rock,Phosphate,2023-07-01,342.5,0.3425
Phosphate rock,Phosphate,2023-08-01,346.25,0.3462
Phosphate rock,Phosphate,2023-09-01,347.5,0.3475
Phosphate rock,Phosphate,2023-10-01,347.5,0.3475
Phosphate rock,Phosphate,2023-12-01,152.5,0.1525
Phosphate rock,Phosphate,2024-01-01,152.5,0.1525
Phosphate rock,Phosphate,2024-02-01,152.5,0.1525
Phosphate rock,Phosphate,2024-03-01,152.5,0.1525
Phosphate rock,Phosphate,2024-04-01,152.5,0.1525
Phosphate rock,Phosphate,2024-05-01,152.5,0.1525
Phosphate rock,Phosphate,2024-06-01,152.5,0.1525
Phosphate rock,Phosphate,2024-07-01,152.5,0.1525
Phosphate rock,Phosphate,2024-08-01,152.5,0.1525
Phosphate rock,Phosphate,2024-09-01,152.5,0.1525
Phosphate rock,Phosphate,2024-10-01,152.5,0.1525
Phosphate rock,Phosphate,2024-11-01,152.5,0.1525
Phosphate rock,Phosphate,2024-12-01,152.5,0.1525
Phosphate rock,Phosphate,2025-01-01,152.5,0.1525
Phosphate rock,Phosphate,2025-02-01,152.5,0.1525
Phosphate rock,Phosphate,2025-03-01,152.5,0.1525
Phosphate rock,Phosphate,2025-04-01,152.5,0.1525
Phosphate rock,Phosphate,2025-05-01,152.5,0.1525
Phosphate rock,Phosphate,2025-06-01,152.5,0.1525
Phosphate rock,Phosphate,2025-07-01,152.5,0.1525
Phosphate rock,Phosphate,2025-08-01,152.5,0.1525
Phosphate rock,Phosphate,2025-09-01,152.5,0.1525
Phosphate rock,Phosphate,2025-10-01,152.5,0.1525
Phosphate rock,Phosphate,2025-11-01,152.5,0.1525
Phosphate rock,Phosphate,2025-12-01,152.5,0.1525
Phosphate rock,Phosphate,2026-01-01,152.5,0.1525
Phosphate rock,Phosphate,2026-02-01,152.5,0.1525
Phosphate rock,Phosphate,2026-03-01,152.5,0.1525
Potassium chloride (MOP),Potash,1996-04-01,112.5,0.1125
Potassium chloride (MOP),Potash,1996-05-01,112.5,0.1125
Potassium chloride (MOP),Potash,1996-06-01,112.5,0.1125
Potassium chloride (MOP),Potash,1996-07-01,112.5,0.1125
Potassium chloride (MOP),Potash,1996-08-01,112.5,0.1125
Potassium chloride (MOP),Potash,1996-09-01,112.5,0.1125
Potassium chloride (MOP),Potash,1996-10-01,112.5,0.1125
Potassium chloride (MOP),Potash,1996-11-01,112.5,0.1125
Potassium chloride (MOP),Potash,1996-12-01,112.5,0.1125
Potassium chloride (MOP),Potash,1997-01-01,112.5,0.1125
Potassium chloride (MOP),Potash,1997-02-01,112.5,0.1125
Potassium chloride (MOP),Potash,1997-03-01,112.5,0.1125
Potassium chloride (MOP),Potash,1997-04-01,112.5,0.1125
Potassium chloride (MOP),Potash,1997-05-01,112.5,0.1125
Potassium chloride (MOP),Potash,1997-06-01,112.5,0.1125
Potassium chloride (MOP),Potash,1997-07-01,112.5,0.1125
Potassium chloride (MOP),Potash,1997-08-01,112.5,0.1125
Potassium chloride (MOP),Potash,1997-09-01,112.5,0.1125
Potassium chloride (MOP),Potash,1997-10-01,112.5,0.1125
Potassium chloride (MOP),Potash,1997-11-01,112.5,0.1125
Potassium chloride (MOP),Potash,1997-12-01,112.5,0.1125
Potassium chloride (MOP),Potash,1998-01-01,112.5,0.1125
Potassium chloride (MOP),Potash,1998-02-01,112.5,0.1125
Potassium chloride (MOP),Potash,1998-03-01,112.5,0.1125
Potassium chloride (MOP),Potash,1998-04-01,112.5,0.1125
Potassium chloride (MOP),Potash,1998-05-01,112.5,0.1125
Potassium chloride (MOP),Potash,1998-06-01,112.5,0.1125
Potassium chloride (MOP),Potash,1998-07-01,112.5,0.1125
Potassium chloride (MOP),Potash,1998-08-01,112.5,0.1125
Potassium chloride (MOP),Potash,1998-09-01,112.5,0.1125
Potassium chloride (MOP),Potash,1998-10-01,112.5,0.1125
Potassium chloride (MOP),Potash,1998-11-01,112.5,0.1125
Potassium chloride (MOP),Potash,1998-12-01,112.5,0.1125
Potassium chloride (MOP),Potash,1999-01-01,112.5,0.1125
Potassium chloride (MOP),Potash,1999-02-01,112.5,0.1125
Potassium chloride (MOP),Potash,1999-03-01,112.5,0.1125
Potassium chloride (MOP),Potash,1999-04-01,112.5,0.1125
Potassium chloride (MOP),Potash,1999-05-01,112.5,0.1125
Potassium chloride (MOP),Potash,1999-06-01,112.5,0.1125
Potassium chloride (MOP),Potash,1999-07-01,112.5,0.1125
Potassium chloride (MOP),Potash,1999-08-01,112.5,0.1125
Potassium chloride (MOP),Potash,1999-09-01,112.5,0.1125
Potassium chloride (MOP),Potash,1999-10-01,112.5,0.1125
Potassium chloride (MOP),Potash,1999-11-01,112.5,0.1125
Potassium chloride (MOP),Potash,1999-12-01,112.5,0.1125
Potassium chloride (MOP),Potash,2000-01-01,112.5,0.1125
Potassium chloride (MOP),Potash,2000-02-01,112.5,0.1125
Potassium chloride (MOP),Potash,2000-03-01,112.5,0.1125
Potassium chloride (MOP),Potash,2000-04-01,112.5,0.1125
Potassium chloride (MOP),Potash,2000-05-01,112.5,0.1125
Potassium chloride (MOP),Potash,2000-06-01,112.5,0.1125
Potassium chloride (MOP),Potash,2000-07-01,112.5,0.1125
Potassium chloride (MOP),Potash,2000-08-01,112.5,0.1125
Potassium chloride (MOP),Potash,2000-09-01,112.5,0.1125
Potassium chloride (MOP),Potash,2000-10-01,112.5,0.1125
Potassium chloride (MOP),Potash,2000-11-01,112.5,0.1125
Potassium chloride (MOP),Potash,2000-12-01,112.5,0.1125
Potassium chloride (MOP),Potash,2001-01-01,112.5,0.1125
Potassium chloride (MOP),Potash,2001-02-01,112.5,0.1125
Potassium chloride (MOP),Potash,2001-03-01,112.5,0.1125
Potassium chloride (MOP),Potash,2001-04-01,112.5,0.1125
Potassium chloride (MOP),Potash,2001-05-01,112.5,0.1125
Potassium chloride (MOP),Potash,2001-06-01,112.5,0.1125
Potassium chloride (MOP),Potash,2001-07-01,112.5,0.1125
Potassium chloride (MOP),Potash,2001-08-01,112.5,0.1125
Potassium chloride (MOP),Potash,2001-09-01,112.5,0.1125
Potassium chloride (MOP),Potash,2001-10-01,112.5,0.1125
Potassium chloride (MOP),Potash,2001-11-01,112.5,0.1125
Potassium chloride (MOP),Potash,2001-12-01,112.5,0.1125
Potassium chloride (MOP),Potash,2002-01-01,112.5,0.1125
Potassium chloride (MOP),Potash,2002-02-01,112.5,0.1125
Potassium chloride (MOP),Potash,2002-03-01,112.5,0.1125
Potassium chloride (MOP),Potash,2002-04-01,112.5,0.1125
Potassium chloride (MOP),Potash,2002-05-01,112.5,0.1125
Potassium chloride (MOP),Potash,2002-06-01,112.5,0.1125
Potassium chloride (MOP),Potash,2002-07-01,112.5,0.1125
Potassium chloride (MOP),Potash,2002-08-01,112.5,0.1125
Potassium chloride (MOP),Potash,2002-09-01,112.5,0.1125
Potassium chloride (MOP),Potash,2002-10-01,112.5,0.1125
Potassium chloride (MOP),Potash,2002-11-01,112.5,0.1125
Potassium chloride (MOP),Potash,2002-12-01,112.5,0.1125
Potassium chloride (MOP),Potash,2003-01-01,112.5,0.1125
Potassium chloride (MOP),Potash,2003-02-01,112.5,0.1125
Potassium chloride (MOP),Potash,2003-03-01,112.5,0.1125
Potassium chloride (MOP),Potash,2003-04-01,112.5,0.1125
Potassium chloride (MOP),Potash,2003-05-01,112.5,0.1125
Potassium chloride (MOP),Potash,2003-06-01,112.5,0.1125
Potassium chloride (MOP),Potash,2003-07-01,112.5,0.1125
Potassium chloride (MOP),Potash,2003-08-01,112.5,0.1125
Potassium chloride (MOP),Potash,2003-09-01,112.5,0.1125
Potassium chloride (MOP),Potash,2003-10-01,112.5,0.1125
Potassium chloride (MOP),Potash,2003-11-01,112.5,0.1125
Potassium chloride (MOP),Potash,2003-12-01,112.5,0.1125
Potassium chloride (MOP),Potash,2004-01-01,112.5,0.1125
Potassium chloride (MOP),Potash,2004-02-01,112.5,0.1125
Potassium chloride (MOP),Potash,2004-03-01,112.5,0.1125
Potassium chloride (MOP),Potash,2004-04-01,112.5,0.1125
Potassium chloride (MOP),Potash,2004-05-01,112.5,0.1125
Potassium chloride (MOP),Potash,2004-06-01,112.5,0.1125
Potassium chloride (MOP),Potash,2004-07-01,112.5,0.1125
Potassium chloride (MOP),Potash,2004-08-01,125.9,0.1259
Potassium chloride (MOP),Potash,2004-09-01,143.5,0.1435
Potassium chloride (MOP),Potash,2004-10-01,146.0,0.146
Potassium chloride (MOP),Potash,2004-11-01,151.2,0.1512
Potassium chloride (MOP),Potash,2004-12-01,152.5,0.1525
Potassium chloride (MOP),Potash,2005-01-01,152.5,0.1525
Potassium chloride (MOP),Potash,2005-02-01,152.5,0.1525
Potassium chloride (MOP),Potash,2005-03-01,152.5,0.1525
Potassium chloride (MOP),Potash,2005-04-01,152.5,0.1525
Potassium chloride (MOP),Potash,2005-05-01,152.5,0.1525
Potassium chloride (MOP),Potash,2005-06-01,152.5,0.1525
Potassium chloride (MOP),Potash,2005-07-01,152.5,0.1525
Potassium chloride (MOP),Potash,2005-08-01,152.5,0.1525
Potassium chloride (MOP),Potash,2005-09-01,152.5,0.1525
Potassium chloride (MOP),Potash,2005-10-01,152.5,0.1525
Potassium chloride (MOP),Potash,2005-11-01,167.5,0.1675
Potassium chloride (MOP),Potash,2005-12-01,167.5,0.1675
Potassium chloride (MOP),Potash,2006-01-01,167.5,0.1675
Potassium chloride (MOP),Potash,2006-02-01,167.5,0.1675
Potassium chloride (MOP),Potash,2006-03-01,167.5,0.1675
Potassium chloride (MOP),Potash,2006-04-01,167.5,0.1675
Potassium chloride (MOP),Potash,2006-05-01,167.5,0.1675
Potassium chloride (MOP),Potash,2006-06-01,167.5,0.1675
Potassium chloride (MOP),Potash,2006-07-01,172.5,0.1725
Potassium chloride (MOP),Potash,2006-08-01,192.5,0.1925
Potassium chloride (MOP),Potash,2006-09-01,192.5,0.1925
Potassium chloride (MOP),Potash,2006-10-01,192.5,0.1925
Potassium chloride (MOP),Potash,2006-11-01,192.5,0.1925
Potassium chloride (MOP),Potash,2006-12-01,192.5,0.1925
Potassium chloride (MOP),Potash,2007-01-01,192.5,0.1925
Potassium chloride (MOP),Potash,2007-02-01,192.5,0.1925
Potassium chloride (MOP),Potash,2007-03-01,192.5,0.1925
Potassium chloride (MOP),Potash,2007-04-01,192.5,0.1925
Potassium chloride (MOP),Potash,2007-05-01,192.5,0.1925
Potassium chloride (MOP),Potash,2007-06-01,192.5,0.1925
Potassium chloride (MOP),Potash,2007-07-01,192.5,0.1925
Potassium chloride (MOP),Potash,2007-08-01,192.5,0.1925
Potassium chloride (MOP),Potash,2007-09-01,197.5,0.1975
Potassium chloride (MOP),Potash,2007-10-01,202.5,0.2025
Potassium chloride (MOP),Potash,2007-11-01,202.5,0.2025
Potassium chloride (MOP),Potash,2007-12-01,202.5,0.2025
Potassium chloride (MOP),Potash,2008-01-01,230.63,0.2306
Potassium chloride (MOP),Potash,2008-02-01,240.0,0.24
Potassium chloride (MOP),Potash,2008-03-01,240.0,0.24
Potassium chloride (MOP),Potash,2008-04-01,393.0,0.393
Potassium chloride (MOP),Potash,2008-05-01,546.0,0.546
Potassium chloride (MOP),Potash,2008-06-01,546.0,0.546
Potassium chloride (MOP),Potash,2008-07-01,546.0,0.546
Potassium chloride (MOP),Potash,2008-08-01,546.0,0.546
Potassium chloride (MOP),Potash,2008-09-01,546.0,0.546
Potassium chloride (MOP),Potash,2008-10-01,546.0,0.546
Potassium chloride (MOP),Potash,2008-11-01,546.0,0.546
Potassium chloride (MOP),Potash,2008-12-01,546.0,0.546
Potassium chloride (MOP),Potash,2009-01-01,546.0,0.546
Potassium chloride (MOP),Potash,2009-02-01,580.13,0.5801
Potassium chloride (MOP),Potash,2009-03-01,682.5,0.6825
Potassium chloride (MOP),Potash,2009-04-01,682.5,0.6825
Potassium chloride (MOP),Potash,2009-05-01,682.5,0.6825
Potassium chloride (MOP),Potash,2009-06-01,682.5,0.6825
Potassium chloride (MOP),Potash,2009-07-01,615.63,0.6156
Potassium chloride (MOP),Potash,2009-08-01,530.0,0.53
Potassium chloride (MOP),Potash,2009-09-01,425.0,0.425
Potassium chloride (MOP),Potash,2009-10-01,425.0,0.425
Potassium chloride (MOP),Potash,2009-11-01,425.0,0.425
Potassium chloride (MOP),Potash,2009-12-01,425.0,0.425
Potassium chloride (MOP),Potash,2010-01-01,389.38,0.3894
Potassium chloride (MOP),Potash,2010-02-01,374.38,0.3744
Potassium chloride (MOP),Potash,2010-03-01,340.0,0.34
Potassium chloride (MOP),Potash,2010-04-01,340.0,0.34
Potassium chloride (MOP),Potash,2010-05-01,334.5,0.3345
Potassium chloride (MOP),Potash,2010-06-01,312.5,0.3125
Potassium chloride (MOP),Potash,2010-07-01,312.5,0.3125
Potassium chloride (MOP),Potash,2010-08-01,312.5,0.3125
Potassium chloride (MOP),Potash,2010-09-01,312.5,0.3125
Potassium chloride (MOP),Potash,2010-10-01,312.5,0.3125
Potassium chloride (MOP),Potash,2010-11-01,322.5,0.3225
Potassium chloride (MOP),Potash,2010-12-01,322.5,0.3225
Potassium chloride (MOP),Potash,2011-01-01,322.5,0.3225
Potassium chloride (MOP),Potash,2011-02-01,374.38,0.3744
Potassium chloride (MOP),Potash,2011-03-01,340.0,0.34
Potassium chloride (MOP),Potash,2011-04-01,340.0,0.34
Potassium chloride (MOP),Potash,2011-05-01,334.5,0.3345
Potassium chloride (MOP),Potash,2011-06-01,355.0,0.355
Potassium chloride (MOP),Potash,2011-07-01,442.5,0.4425
Potassium chloride (MOP),Potash,2011-08-01,442.5,0.4425
Potassium chloride (MOP),Potash,2011-09-01,442.5,0.4425
Potassium chloride (MOP),Potash,2011-10-01,435.0,0.435
Potassium chloride (MOP),Potash,2011-11-01,435.0,0.435
Potassium chloride (MOP),Potash,2011-12-01,450.0,0.45
Potassium chloride (MOP),Potash,2012-01-01,495.0,0.495
Potassium chloride (MOP),Potash,2012-02-01,495.0,0.495
Potassium chloride (MOP),Potash,2012-03-01,495.0,0.495
Potassium chloride (MOP),Potash,2012-04-01,477.5,0.4775
Potassium chloride (MOP),Potash,2012-05-01,477.5,0.4775
Potassium chloride (MOP),Potash,2012-06-01,477.5,0.4775
Potassium chloride (MOP),Potash,2012-07-01,279.5,0.2795
Potassium chloride (MOP),Potash,2012-08-01,477.5,0.4775
Potassium chloride (MOP),Potash,2012-09-01,477.5,0.4775
Potassium chloride (MOP),Potash,2012-10-01,477.5,0.4775
Potassium chloride (MOP),Potash,2012-11-01,477.5,0.4775
Potassium chloride (MOP),Potash,2012-12-01,477.5,0.4775
Potassium chloride (MOP),Potash,2013-01-01,395.0,0.395
Potassium chloride (MOP),Potash,2013-02-01,395.0,0.395
Potassium chloride (MOP),Potash,2013-03-01,395.0,0.395
Potassium chloride (MOP),Potash,2013-04-01,395.0,0.395
Potassium chloride (MOP),Potash,2013-05-01,395.0,0.395
Potassium chloride (MOP),Potash,2013-06-01,395.0,0.395
Potassium chloride (MOP),Potash,2013-07-01,395.0,0.395
Potassium chloride (MOP),Potash,2013-08-01,395.0,0.395
Potassium chloride (MOP),Potash,2013-09-01,395.0,0.395
Potassium chloride (MOP),Potash,2013-10-01,395.0,0.395
Potassium chloride (MOP),Potash,2013-11-01,395.0,0.395
Potassium chloride (MOP),Potash,2013-12-01,395.0,0.395
Potassium chloride (MOP),Potash,2014-01-01,395.0,0.395
Potassium chloride (MOP),Potash,2014-02-01,307.63,0.3076
Potassium chloride (MOP),Potash,2014-03-01,278.5,0.2785
Potassium chloride (MOP),Potash,2014-04-01,299.0,0.299
Potassium chloride (MOP),Potash,2014-05-01,300.88,0.3009
Potassium chloride (MOP),Potash,2014-06-01,301.5,0.3015
Potassium chloride (MOP),Potash,2014-07-01,279.5,0.2795
Potassium chloride (MOP),Potash,2014-08-01,279.5,0.2795
Potassium chloride (MOP),Potash,2014-09-01,279.5,0.2795
Potassium chloride (MOP),Potash,2014-10-01,279.5,0.2795
Potassium chloride (MOP),Potash,2014-11-01,279.5,0.2795
Potassium chloride (MOP),Potash,2014-12-01,279.5,0.2795
Potassium chloride (MOP),Potash,2015-01-01,279.5,0.2795
Potassium chloride (MOP),Potash,2015-02-01,279.5,0.2795
Potassium chloride (MOP),Potash,2015-03-01,283.4,0.2834
Potassium chloride (MOP),Potash,2015-04-01,299.0,0.299
Potassium chloride (MOP),Potash,2015-05-01,300.88,0.3009
Potassium chloride (MOP),Potash,2015-06-01,301.5,0.3015
Potassium chloride (MOP),Potash,2015-07-01,301.5,0.3015
Potassium chloride (MOP),Potash,2015-08-01,301.5,0.3015
Potassium chloride (MOP),Potash,2015-09-01,301.5,0.3015
Potassium chloride (MOP),Potash,2015-10-01,301.5,0.3015
Potassium chloride (MOP),Potash,2015-11-01,301.5,0.3015
Potassium chloride (MOP),Potash,2015-12-01,301.5,0.3015
Potassium chloride (MOP),Potash,2016-01-01,301.5,0.3015
Potassium chloride (MOP),Potash,2016-02-01,301.5,0.3015
Potassium chloride (MOP),Potash,2016-03-01,301.5,0.3015
Potassium chloride (MOP),Potash,2016-04-01,301.5,0.3015
Potassium chloride (MOP),Potash,2016-05-01,301.5,0.3015
Potassium chloride (MOP),Potash,2016-06-01,301.5,0.3015
Potassium chloride (MOP),Potash,2016-07-01,282.5,0.2825
Potassium chloride (MOP),Potash,2016-08-01,206.5,0.2065
Potassium chloride (MOP),Potash,2016-09-01,206.5,0.2065
Potassium chloride (MOP),Potash,2016-10-01,206.5,0.2065
Potassium chloride (MOP),Potash,2016-11-01,206.5,0.2065
Potassium chloride (MOP),Potash,2016-12-01,206.5,0.2065
Potassium chloride (MOP),Potash,2017-01-01,206.5,0.2065
Potassium chloride (MOP),Potash,2017-02-01,301.5,0.3015
Potassium chloride (MOP),Potash,2017-03-01,206.5,0.2065
Potassium chloride (MOP),Potash,2017-04-01,206.5,0.2065
Potassium chloride (MOP),Potash,2017-05-01,206.5,0.2065
Potassium chloride (MOP),Potash,2017-06-01,206.5,0.2065
Potassium chloride (MOP),Potash,2017-07-01,207.25,0.2072
Potassium chloride (MOP),Potash,2017-08-01,215.5,0.2155
Potassium chloride (MOP),Potash,2017-09-01,215.5,0.2155
Potassium chloride (MOP),Potash,2017-10-01,215.5,0.2155
Potassium chloride (MOP),Potash,2017-11-01,215.5,0.2155
Potassium chloride (MOP),Potash,2017-12-01,215.5,0.2155
Potassium chloride (MOP),Potash,2018-01-01,215.5,0.2155
Potassium chloride (MOP),Potash,2018-02-01,215.5,0.2155
Potassium chloride (MOP),Potash,2018-03-01,215.5,0.2155
Potassium chloride (MOP),Potash,2018-04-01,215.5,0.2155
Potassium chloride (MOP),Potash,2018-05-01,215.5,0.2155
Potassium chloride (MOP),Potash,2018-06-01,215.5,0.2155
Potassium chloride (MOP),Potash,2018-07-01,215.5,0.2155
Potassium chloride (MOP),Potash,2018-08-01,215.5,0.2155
Potassium chloride (MOP),Potash,2018-09-01,215.5,0.2155
Potassium chloride (MOP),Potash,2018-10-01,215.5,0.2155
Potassium chloride (MOP),Potash,2018-11-01,215.5,0.2155
Potassium chloride (MOP),Potash,2018-12-01,215.5,0.2155
Potassium chloride (MOP),Potash,2019-01-01,215.5,0.2155
Potassium chloride (MOP),Potash,2019-02-01,215.5,0.2155
Potassium chloride (MOP),Potash,2019-03-01,245.5,0.2455
Potassium chloride (MOP),Potash,2019-04-01,265.5,0.2655
Potassium chloride (MOP),Potash,2019-05-01,265.5,0.2655
Potassium chloride (MOP),Potash,2019-06-01,265.5,0.2655
Potassium chloride (MOP),Potash,2019-07-01,265.5,0.2655
Potassium chloride (MOP),Potash,2019-08-01,265.5,0.2655
Potassium chloride (MOP),Potash,2019-09-01,265.5,0.2655
Potassium chloride (MOP),Potash,2019-10-01,265.5,0.2655
Potassium chloride (MOP),Potash,2019-11-01,265.5,0.2655
Potassium chloride (MOP),Potash,2019-12-01,265.5,0.2655
Potassium chloride (MOP),Potash,2020-01-01,245.0,0.245
Potassium chloride (MOP),Potash,2020-02-01,245.0,0.245
Potassium chloride (MOP),Potash,2020-03-01,245.0,0.245
Potassium chloride (MOP),Potash,2020-04-01,245.0,0.245
Potassium chloride (MOP),Potash,2020-05-01,216.0,0.216
Potassium chloride (MOP),Potash,2020-06-01,202.5,0.2025
Potassium chloride (MOP),Potash,2020-07-01,202.5,0.2025
Potassium chloride (MOP),Potash,2020-08-01,202.5,0.2025
Potassium chloride (MOP),Potash,2020-09-01,202.5,0.2025
Potassium chloride (MOP),Potash,2020-10-01,202.5,0.2025
Potassium chloride (MOP),Potash,2020-11-01,202.5,0.2025
Potassium chloride (MOP),Potash,2020-12-01,202.5,0.2025
Potassium chloride (MOP),Potash,2021-01-01,202.5,0.2025
Potassium chloride (MOP),Potash,2021-02-01,202.5,0.2025
Potassium chloride (MOP),Potash,2021-03-01,202.5,0.2025
Potassium chloride (MOP),Potash,2021-04-01,202.5,0.2025
Potassium chloride (MOP),Potash,2021-05-01,202.5,0.2025
Potassium chloride (MOP),Potash,2021-06-01,202.5,0.2025
Potassium chloride (MOP),Potash,2021-07-01,202.5,0.2025
Potassium chloride (MOP),Potash,2021-08-01,221.0,0.221
Potassium chloride (MOP),Potash,2021-09-01,221.0,0.221
Potassium chloride (MOP),Potash,2021-10-01,221.0,0.221
Potassium chloride (MOP),Potash,2021-11-01,221.0,0.221
Potassium chloride (MOP),Potash,2021-12-01,221.0,0.221
Potassium chloride (MOP),Potash,2022-01-01,785.63,0.7856
Potassium chloride (MOP),Potash,2022-02-01,791.88,0.7919
Potassium chloride (MOP),Potash,2022-03-01,977.5,0.9775
Potassium chloride (MOP),Potash,2022-04-01,1202.0,1.202
Potassium chloride (MOP),Potash,2022-05-01,1170.0,1.17
Potassium chloride (MOP),Potash,2022-06-01,1101.88,1.1019
Potassium chloride (MOP),Potash,2022-07-01,1013.0,1.013
Potassium chloride (MOP),Potash,2022-08-01,888.75,0.8888
Potassium chloride (MOP),Potash,2022-09-01,731.0,0.731
Potassium chloride (MOP),Potash,2022-10-01,622.5,0.6225
Potassium chloride (MOP),Potash,2022-11-01,563.13,0.5631
Potassium chloride (MOP),Potash,2022-12-01,513.75,0.5138
Potassium chloride (MOP),Potash,2023-01-01,508.75,0.5088
Potassium chloride (MOP),Potash,2023-02-01,496.88,0.4969
Potassium chloride (MOP),Potash,2023-03-01,453.0,0.453
Potassium chloride (MOP),Potash,2023-04-01,407.5,0.4075
Potassium chloride (MOP),Potash,2023-05-01,372.5,0.3725
Potassium chloride (MOP),Potash,2023-06-01,328.0,0.328
Potassium chloride (MOP),Potash,2023-07-01,341.25,0.3412
Potassium chloride (MOP),Potash,2023-08-01,353.13,0.3531
Potassium chloride (MOP),Potash,2023-09-01,352.0,0.352
Potassium chloride (MOP),Potash,2023-10-01,341.88,0.3419
Potassium chloride (MOP),Potash,2023-11-01,331.88,0.3319
Potassium chloride (MOP),Potash,2023-12-01,311.88,0.3119
Potassium chloride (MOP),Potash,2024-01-01,296.25,0.2962
Potassium chloride (MOP),Potash,2024-02-01,289.38,0.2894
Potassium chloride (MOP),Potash,2024-03-01,300.5,0.3005
Potassium chloride (MOP),Potash,2024-04-01,305.0,0.305
Potassium chloride (MOP),Potash,2024-05-01,307.0,0.307
Potassium chloride (MOP),Potash,2024-06-01,310.0,0.31
Potassium chloride (MOP),Potash,2024-07-01,300.63,0.3006
Potassium chloride (MOP),Potash,2024-08-01,294.0,0.294
Potassium chloride (MOP),Potash,2024-09-01,286.88,0.2869
Potassium chloride (MOP),Potash,2024-10-01,278.13,0.2781
Potassium chloride (MOP),Potash,2024-11-01,281.0,0.281
Potassium chloride (MOP),Potash,2024-12-01,292.5,0.2925
Potassium chloride (MOP),Potash,2025-01-01,302.0,0.302
Potassium chloride (MOP),Potash,2025-02-01,318.75,0.3188
Potassium chloride (MOP),Potash,2025-03-01,336.25,0.3362
Potassium chloride (MOP),Potash,2025-04-01,351.88,0.3519
Potassium chloride (MOP),Potash,2025-05-01,362.5,0.3625
Potassium chloride (MOP),Potash,2025-06-01,363.13,0.3631
Potassium chloride (MOP),Potash,2025-07-01,362.5,0.3625
Potassium chloride (MOP),Potash,2025-08-01,356.5,0.3565
Potassium chloride (MOP),Potash,2025-09-01,352.5,0.3525
Potassium chloride (MOP),Potash,2025-10-01,352.0,0.352
Potassium chloride (MOP),Potash,2025-11-01,353.75,0.3538
Potassium chloride (MOP),Potash,2025-12-01,358.33,0.3583
Potassium chloride (MOP),Potash,2026-01-01,366.0,0.366
Potassium chloride (MOP),Potash,2026-02-01,372.5,0.3725
Potassium chloride (MOP),Potash,2026-03-01,380.63,0.3806
Triple superphosphate (TSP),Phosphate,1996-04-01,173.5,0.1735
Triple superphosphate (TSP),Phosphate,1996-05-01,173.5,0.1735
Triple superphosphate (TSP),Phosphate,1996-06-01,174.63,0.1746
Triple superphosphate (TSP),Phosphate,1996-07-01,175.63,0.1756
Triple superphosphate (TSP),Phosphate,1996-08-01,178.6,0.1786
Triple superphosphate (TSP),Phosphate,1996-09-01,181.5,0.1815
Triple superphosphate (TSP),Phosphate,1996-10-01,182.5,0.1825
Triple superphosphate (TSP),Phosphate,1996-11-01,182.5,0.1825
Triple superphosphate (TSP),Phosphate,1996-12-01,182.5,0.1825
Triple superphosphate (TSP),Phosphate,1997-01-01,181.9,0.1819
Triple superphosphate (TSP),Phosphate,1997-02-01,181.0,0.181
Triple superphosphate (TSP),Phosphate,1997-03-01,181.0,0.181
Triple superphosphate (TSP),Phosphate,1997-04-01,177.63,0.1776
Triple superphosphate (TSP),Phosphate,1997-05-01,170.0,0.17
Triple superphosphate (TSP),Phosphate,1997-06-01,170.0,0.17
Triple superphosphate (TSP),Phosphate,1997-07-01,168.2,0.1682
Triple superphosphate (TSP),Phosphate,1997-08-01,163.5,0.1635
Triple superphosphate (TSP),Phosphate,1997-09-01,163.5,0.1635
Triple superphosphate (TSP),Phosphate,1997-10-01,164.3,0.1643
Triple superphosphate (TSP),Phosphate,1997-11-01,169.38,0.1694
Triple superphosphate (TSP),Phosphate,1997-12-01,172.5,0.1725
Triple superphosphate (TSP),Phosphate,1998-01-01,172.5,0.1725
Triple superphosphate (TSP),Phosphate,1998-02-01,172.5,0.1725
Triple superphosphate (TSP),Phosphate,1998-03-01,172.5,0.1725
Triple superphosphate (TSP),Phosphate,1998-04-01,173.7,0.1737
Triple superphosphate (TSP),Phosphate,1998-05-01,176.34,0.1763
Triple superphosphate (TSP),Phosphate,1998-06-01,177.5,0.1775
Triple superphosphate (TSP),Phosphate,1998-07-01,177.5,0.1775
Triple superphosphate (TSP),Phosphate,1998-08-01,175.0,0.175
Triple superphosphate (TSP),Phosphate,1998-09-01,172.5,0.1725
Triple superphosphate (TSP),Phosphate,1998-10-01,171.55,0.1716
Triple superphosphate (TSP),Phosphate,1998-11-01,167.5,0.1675
Triple superphosphate (TSP),Phosphate,1998-12-01,167.5,0.1675
Triple superphosphate (TSP),Phosphate,1999-01-01,166.38,0.1664
Triple superphosphate (TSP),Phosphate,1999-02-01,163.0,0.163
Triple superphosphate (TSP),Phosphate,1999-03-01,163.0,0.163
Triple superphosphate (TSP),Phosphate,1999-04-01,163.0,0.163
Triple superphosphate (TSP),Phosphate,1999-05-01,163.0,0.163
Triple superphosphate (TSP),Phosphate,1999-06-01,161.75,0.1618
Triple superphosphate (TSP),Phosphate,1999-07-01,153.88,0.1539
Triple superphosphate (TSP),Phosphate,1999-08-01,151.25,0.1512
Triple superphosphate (TSP),Phosphate,1999-09-01,147.5,0.1475
Triple superphosphate (TSP),Phosphate,1999-10-01,145.13,0.1451
Triple superphosphate (TSP),Phosphate,1999-11-01,138.0,0.138
Triple superphosphate (TSP),Phosphate,1999-12-01,138.0,0.138
Triple superphosphate (TSP),Phosphate,2000-01-01,138.0,0.138
Triple superphosphate (TSP),Phosphate,2000-02-01,138.0,0.138
Triple superphosphate (TSP),Phosphate,2000-03-01,138.0,0.138
Triple superphosphate (TSP),Phosphate,2000-04-01,138.0,0.138
Triple superphosphate (TSP),Phosphate,2000-05-01,138.0,0.138
Triple superphosphate (TSP),Phosphate,2000-06-01,138.0,0.138
Triple superphosphate (TSP),Phosphate,2000-07-01,140.25,0.1403
Triple superphosphate (TSP),Phosphate,2000-08-01,142.5,0.1425
Triple superphosphate (TSP),Phosphate,2000-09-01,142.5,0.1425
Triple superphosphate (TSP),Phosphate,2000-10-01,141.25,0.1412
Triple superphosphate (TSP),Phosphate,2000-11-01,129.0,0.129
Triple superphosphate (TSP),Phosphate,2000-12-01,129.0,0.129
Triple superphosphate (TSP),Phosphate,2001-01-01,129.0,0.129
Triple superphosphate (TSP),Phosphate,2001-02-01,129.0,0.129
Triple superphosphate (TSP),Phosphate,2001-03-01,129.0,0.129
Triple superphosphate (TSP),Phosphate,2001-04-01,129.0,0.129
Triple superphosphate (TSP),Phosphate,2001-05-01,125.5,0.1255
Triple superphosphate (TSP),Phosphate,2001-06-01,122.5,0.1225
Triple superphosphate (TSP),Phosphate,2001-07-01,123.75,0.1238
Triple superphosphate (TSP),Phosphate,2001-08-01,125.0,0.125
Triple superphosphate (TSP),Phosphate,2001-09-01,124.38,0.1244
Triple superphosphate (TSP),Phosphate,2001-10-01,124.38,0.1244
Triple superphosphate (TSP),Phosphate,2001-11-01,130.0,0.13
Triple superphosphate (TSP),Phosphate,2001-12-01,131.0,0.131
Triple superphosphate (TSP),Phosphate,2002-01-01,131.0,0.131
Triple superphosphate (TSP),Phosphate,2002-02-01,138.0,0.138
Triple superphosphate (TSP),Phosphate,2002-03-01,138.0,0.138
Triple superphosphate (TSP),Phosphate,2002-04-01,132.0,0.132
Triple superphosphate (TSP),Phosphate,2002-05-01,136.1,0.1361
Triple superphosphate (TSP),Phosphate,2002-06-01,128.88,0.1289
Triple superphosphate (TSP),Phosphate,2002-07-01,127.38,0.1274
Triple superphosphate (TSP),Phosphate,2002-08-01,133.3,0.1333
Triple superphosphate (TSP),Phosphate,2002-09-01,135.5,0.1355
Triple superphosphate (TSP),Phosphate,2002-10-01,133.1,0.1331
Triple superphosphate (TSP),Phosphate,2002-11-01,132.0,0.132
Triple superphosphate (TSP),Phosphate,2002-12-01,131.5,0.1315
Triple superphosphate (TSP),Phosphate,2003-01-01,128.6,0.1286
Triple superphosphate (TSP),Phosphate,2003-02-01,136.0,0.136
Triple superphosphate (TSP),Phosphate,2003-03-01,143.75,0.1438
Triple superphosphate (TSP),Phosphate,2003-04-01,145.0,0.145
Triple superphosphate (TSP),Phosphate,2003-05-01,146.0,0.146
Triple superphosphate (TSP),Phosphate,2003-06-01,148.25,0.1482
Triple superphosphate (TSP),Phosphate,2003-07-01,150.9,0.1509
Triple superphosphate (TSP),Phosphate,2003-08-01,150.0,0.15
Triple superphosphate (TSP),Phosphate,2003-09-01,153.63,0.1536
Triple superphosphate (TSP),Phosphate,2003-10-01,164.0,0.164
Triple superphosphate (TSP),Phosphate,2003-11-01,163.0,0.163
Triple superphosphate (TSP),Phosphate,2003-12-01,162.88,0.1629
Triple superphosphate (TSP),Phosphate,2004-01-01,171.63,0.1716
Triple superphosphate (TSP),Phosphate,2004-02-01,177.13,0.1771
Triple superphosphate (TSP),Phosphate,2004-03-01,177.5,0.1775
Triple superphosphate (TSP),Phosphate,2004-04-01,177.5,0.1775
Triple superphosphate (TSP),Phosphate,2004-05-01,177.5,0.1775
Triple superphosphate (TSP),Phosphate,2004-06-01,177.5,0.1775
Triple superphosphate (TSP),Phosphate,2004-07-01,191.5,0.1915
Triple superphosphate (TSP),Phosphate,2004-08-01,195.0,0.195
Triple superphosphate (TSP),Phosphate,2004-09-01,195.0,0.195
Triple superphosphate (TSP),Phosphate,2004-10-01,195.0,0.195
Triple superphosphate (TSP),Phosphate,2004-11-01,198.5,0.1985
Triple superphosphate (TSP),Phosphate,2004-12-01,202.0,0.202
Triple superphosphate (TSP),Phosphate,2005-01-01,202.0,0.202
Triple superphosphate (TSP),Phosphate,2005-02-01,202.0,0.202
Triple superphosphate (TSP),Phosphate,2005-03-01,202.0,0.202
Triple superphosphate (TSP),Phosphate,2005-04-01,202.0,0.202
Triple superphosphate (TSP),Phosphate,2005-05-01,201.63,0.2016
Triple superphosphate (TSP),Phosphate,2005-06-01,201.5,0.2015
Triple superphosphate (TSP),Phosphate,2005-07-01,201.25,0.2013
Triple superphosphate (TSP),Phosphate,2005-08-01,201.38,0.2014
Triple superphosphate (TSP),Phosphate,2005-09-01,201.0,0.201
Triple superphosphate (TSP),Phosphate,2005-10-01,201.0,0.201
Triple superphosphate (TSP),Phosphate,2005-11-01,201.0,0.201
Triple superphosphate (TSP),Phosphate,2005-12-01,201.0,0.201
Triple superphosphate (TSP),Phosphate,2006-01-01,201.0,0.201
Triple superphosphate (TSP),Phosphate,2006-02-01,201.0,0.201
Triple superphosphate (TSP),Phosphate,2006-03-01,200.6,0.2006
Triple superphosphate (TSP),Phosphate,2006-04-01,200.5,0.2005
Triple superphosphate (TSP),Phosphate,2006-05-01,200.5,0.2005
Triple superphosphate (TSP),Phosphate,2006-06-01,200.5,0.2005
Triple superphosphate (TSP),Phosphate,2006-07-01,202.0,0.202
Triple superphosphate (TSP),Phosphate,2006-08-01,202.0,0.202
Triple superphosphate (TSP),Phosphate,2006-09-01,202.0,0.202
Triple superphosphate (TSP),Phosphate,2006-10-01,202.0,0.202
Triple superphosphate (TSP),Phosphate,2006-11-01,202.0,0.202
Triple superphosphate (TSP),Phosphate,2006-12-01,205.5,0.2055
Triple superphosphate (TSP),Phosphate,2007-01-01,207.5,0.2075
Triple superphosphate (TSP),Phosphate,2007-02-01,215.0,0.215
Triple superphosphate (TSP),Phosphate,2007-03-01,254.5,0.2545
Triple superphosphate (TSP),Phosphate,2007-04-01,300.0,0.3
Triple superphosphate (TSP),Phosphate,2007-05-01,338.13,0.3381
Triple superphosphate (TSP),Phosphate,2007-06-01,355.0,0.355
Triple superphosphate (TSP),Phosphate,2007-07-01,355.0,0.355
Triple superphosphate (TSP),Phosphate,2007-08-01,377.5,0.3775
Triple superphosphate (TSP),Phosphate,2007-09-01,392.5,0.3925
Triple superphosphate (TSP),Phosphate,2007-10-01,402.9,0.4029
Triple superphosphate (TSP),Phosphate,2007-11-01,423.75,0.4238
Triple superphosphate (TSP),Phosphate,2007-12-01,446.88,0.4469
Triple superphosphate (TSP),Phosphate,2008-01-01,539.2,0.5392
Triple superphosphate (TSP),Phosphate,2008-02-01,729.38,0.7294
Triple superphosphate (TSP),Phosphate,2008-03-01,875.63,0.8756
Triple superphosphate (TSP),Phosphate,2008-04-01,1029.0,1.029
Triple superphosphate (TSP),Phosphate,2008-05-01,1037.0,1.037
Triple superphosphate (TSP),Phosphate,2008-06-01,1043.13,1.0431
Triple superphosphate (TSP),Phosphate,2008-07-01,1112.5,1.1125
Triple superphosphate (TSP),Phosphate,2008-08-01,1131.5,1.1315
Triple superphosphate (TSP),Phosphate,2008-09-01,1079.25,1.0792
Triple superphosphate (TSP),Phosphate,2008-10-01,965.0,0.965
Triple superphosphate (TSP),Phosphate,2008-11-01,606.0,0.606
Triple superphosphate (TSP),Phosphate,2008-12-01,405.0,0.405
Triple superphosphate (TSP),Phosphate,2009-01-01,350.0,0.35
Triple superphosphate (TSP),Phosphate,2009-02-01,320.0,0.32
Triple superphosphate (TSP),Phosphate,2009-03-01,295.0,0.295
Triple superphosphate (TSP),Phosphate,2009-04-01,278.0,0.278
Triple superphosphate (TSP),Phosphate,2009-05-01,245.0,0.245
Triple superphosphate (TSP),Phosphate,2009-06-01,220.0,0.22
Triple superphosphate (TSP),Phosphate,2009-07-01,224.0,0.224
Triple superphosphate (TSP),Phosphate,2009-08-01,225.0,0.225
Triple superphosphate (TSP),Phosphate,2009-09-01,225.0,0.225
Triple superphosphate (TSP),Phosphate,2009-10-01,246.5,0.2465
Triple superphosphate (TSP),Phosphate,2009-11-01,228.5,0.2285
Triple superphosphate (TSP),Phosphate,2009-12-01,232.0,0.232
Triple superphosphate (TSP),Phosphate,2010-01-01,296.25,0.2962
Triple superphosphate (TSP),Phosphate,2010-02-01,300.0,0.3
Triple superphosphate (TSP),Phosphate,2010-03-01,354.38,0.3544
Triple superphosphate (TSP),Phosphate,2010-04-01,372.5,0.3725
Triple superphosphate (TSP),Phosphate,2010-05-01,352.75,0.3528
Triple superphosphate (TSP),Phosphate,2010-06-01,346.8,0.3468
Triple superphosphate (TSP),Phosphate,2010-07-01,360.0,0.36
Triple superphosphate (TSP),Phosphate,2010-08-01,380.75,0.3808
Triple superphosphate (TSP),Phosphate,2010-09-01,428.0,0.428
Triple superphosphate (TSP),Phosphate,2010-10-01,455.0,0.455
Triple superphosphate (TSP),Phosphate,2010-11-01,463.75,0.4638
Triple superphosphate (TSP),Phosphate,2010-12-01,472.5,0.4725
Triple superphosphate (TSP),Phosphate,2011-01-01,475.0,0.475
Triple superphosphate (TSP),Phosphate,2011-02-01,490.0,0.49
Triple superphosphate (TSP),Phosphate,2011-03-01,494.0,0.494
Triple superphosphate (TSP),Phosphate,2011-04-01,535.63,0.5356
Triple superphosphate (TSP),Phosphate,2011-05-01,547.5,0.5475
Triple superphosphate (TSP),Phosphate,2011-06-01,549.5,0.5495
Triple superphosphate (TSP),Phosphate,2011-07-01,555.0,0.555
Triple superphosphate (TSP),Phosphate,2011-08-01,560.0,0.56
Triple superphosphate (TSP),Phosphate,2011-09-01,560.0,0.56
Triple superphosphate (TSP),Phosphate,2011-10-01,592.5,0.5925
Triple superphosphate (TSP),Phosphate,2011-11-01,570.0,0.57
Triple superphosphate (TSP),Phosphate,2011-12-01,530.0,0.53
Triple superphosphate (TSP),Phosphate,2012-01-01,435.0,0.435
Triple superphosphate (TSP),Phosphate,2012-02-01,445.0,0.445
Triple superphosphate (TSP),Phosphate,2012-03-01,441.25,0.4412
Triple superphosphate (TSP),Phosphate,2012-04-01,441.25,0.4412
Triple superphosphate (TSP),Phosphate,2012-05-01,485.0,0.485
Triple superphosphate (TSP),Phosphate,2012-06-01,485.0,0.485
Triple superphosphate (TSP),Phosphate,2012-07-01,485.0,0.485
Triple superphosphate (TSP),Phosphate,2012-08-01,485.0,0.485
Triple superphosphate (TSP),Phosphate,2012-09-01,485.0,0.485
Triple superphosphate (TSP),Phosphate,2012-10-01,474.0,0.474
Triple superphosphate (TSP),Phosphate,2012-11-01,447.5,0.4475
Triple superphosphate (TSP),Phosphate,2012-12-01,435.0,0.435
Triple superphosphate (TSP),Phosphate,2013-01-01,428.0,0.428
Triple superphosphate (TSP),Phosphate,2013-02-01,419.0,0.419
Triple superphosphate (TSP),Phosphate,2013-03-01,415.0,0.415
Triple superphosphate (TSP),Phosphate,2013-04-01,409.0,0.409
Triple superphosphate (TSP),Phosphate,2013-05-01,410.0,0.41
Triple superphosphate (TSP),Phosphate,2013-06-01,410.0,0.41
Triple superphosphate (TSP),Phosphate,2013-07-01,410.0,0.41
Triple superphosphate (TSP),Phosphate,2013-08-01,360.0,0.36
Triple superphosphate (TSP),Phosphate,2013-09-01,344.0,0.344
Triple superphosphate (TSP),Phosphate,2013-10-01,324.0,0.324
Triple superphosphate (TSP),Phosphate,2013-11-01,320.0,0.32
Triple superphosphate (TSP),Phosphate,2013-12-01,320.0,0.32
Triple superphosphate (TSP),Phosphate,2014-01-01,333.0,0.333
Triple superphosphate (TSP),Phosphate,2014-02-01,367.0,0.367
Triple superphosphate (TSP),Phosphate,2014-03-01,384.0,0.384
Triple superphosphate (TSP),Phosphate,2014-04-01,383.0,0.383
Triple superphosphate (TSP),Phosphate,2014-05-01,385.0,0.385
Triple superphosphate (TSP),Phosphate,2014-06-01,389.0,0.389
Triple superphosphate (TSP),Phosphate,2014-07-01,390.0,0.39
Triple superphosphate (TSP),Phosphate,2014-08-01,391.0,0.391
Triple superphosphate (TSP),Phosphate,2014-09-01,398.0,0.398
Triple superphosphate (TSP),Phosphate,2014-10-01,398.0,0.398
Triple superphosphate (TSP),Phosphate,2014-11-01,385.0,0.385
Triple superphosphate (TSP),Phosphate,2014-12-01,381.0,0.381
Triple superphosphate (TSP),Phosphate,2015-01-01,381.5,0.3815
Triple superphosphate (TSP),Phosphate,2015-02-01,382.5,0.3825
Triple superphosphate (TSP),Phosphate,2015-03-01,383.0,0.383
Triple superphosphate (TSP),Phosphate,2015-04-01,380.0,0.38
Triple superphosphate (TSP),Phosphate,2015-05-01,380.0,0.38
Triple superphosphate (TSP),Phosphate,2015-06-01,380.0,0.38
Triple superphosphate (TSP),Phosphate,2015-07-01,380.0,0.38
Triple superphosphate (TSP),Phosphate,2015-08-01,378.8,0.3788
Triple superphosphate (TSP),Phosphate,2015-09-01,379.0,0.379
Triple superphosphate (TSP),Phosphate,2015-10-01,380.0,0.38
Triple superphosphate (TSP),Phosphate,2015-11-01,366.4,0.3664
Triple superphosphate (TSP),Phosphate,2015-12-01,360.0,0.36
Triple superphosphate (TSP),Phosphate,2016-01-01,334.0,0.334
Triple superphosphate (TSP),Phosphate,2016-02-01,286.25,0.2862
Triple superphosphate (TSP),Phosphate,2016-03-01,291.25,0.2912
Triple superphosphate (TSP),Phosphate,2016-04-01,295.0,0.295
Triple superphosphate (TSP),Phosphate,2016-05-01,295.0,0.295
Triple superphosphate (TSP),Phosphate,2016-06-01,285.0,0.285
Triple superphosphate (TSP),Phosphate,2016-07-01,281.0,0.281
Triple superphosphate (TSP),Phosphate,2016-08-01,281.25,0.2812
Triple superphosphate (TSP),Phosphate,2016-09-01,287.0,0.287
Triple superphosphate (TSP),Phosphate,2016-10-01,285.0,0.285
Triple superphosphate (TSP),Phosphate,2016-11-01,285.0,0.285
Triple superphosphate (TSP),Phosphate,2016-12-01,277.5,0.2775
Triple superphosphate (TSP),Phosphate,2017-01-01,270.0,0.27
Triple superphosphate (TSP),Phosphate,2017-02-01,278.75,0.2788
Triple superphosphate (TSP),Phosphate,2017-03-01,288.0,0.288
Triple superphosphate (TSP),Phosphate,2017-04-01,285.0,0.285
Triple superphosphate (TSP),Phosphate,2017-05-01,275.0,0.275
Triple superphosphate (TSP),Phosphate,2017-06-01,275.0,0.275
Triple superphosphate (TSP),Phosphate,2017-07-01,275.75,0.2758
Triple superphosphate (TSP),Phosphate,2017-08-01,280.5,0.2805
Triple superphosphate (TSP),Phosphate,2017-09-01,283.2,0.2832
Triple superphosphate (TSP),Phosphate,2017-10-01,283.5,0.2835
Triple superphosphate (TSP),Phosphate,2017-11-01,295.0,0.295
Triple superphosphate (TSP),Phosphate,2017-12-01,308.75,0.3088
Triple superphosphate (TSP),Phosphate,2018-01-01,320.0,0.32
Triple superphosphate (TSP),Phosphate,2018-02-01,320.0,0.32
Triple superphosphate (TSP),Phosphate,2018-03-01,324.0,0.324
Triple superphosphate (TSP),Phosphate,2018-04-01,325.0,0.325
Triple superphosphate (TSP),Phosphate,2018-05-01,326.0,0.326
Triple superphosphate (TSP),Phosphate,2018-06-01,335.2,0.3352
Triple superphosphate (TSP),Phosphate,2018-07-01,344.25,0.3442
Triple superphosphate (TSP),Phosphate,2018-08-01,357.6,0.3576
Triple superphosphate (TSP),Phosphate,2018-09-01,376.25,0.3762
Triple superphosphate (TSP),Phosphate,2018-10-01,385.0,0.385
Triple superphosphate (TSP),Phosphate,2018-11-01,379.2,0.3792
Triple superphosphate (TSP),Phosphate,2018-12-01,368.33,0.3683
Triple superphosphate (TSP),Phosphate,2019-01-01,355.0,0.355
Triple superphosphate (TSP),Phosphate,2019-02-01,343.75,0.3438
Triple superphosphate (TSP),Phosphate,2019-03-01,321.0,0.321
Triple superphosphate (TSP),Phosphate,2019-04-01,310.0,0.31
Triple superphosphate (TSP),Phosphate,2019-05-01,305.0,0.305
Triple superphosphate (TSP),Phosphate,2019-06-01,293.75,0.2938
Triple superphosphate (TSP),Phosphate,2019-07-01,283.75,0.2838
Triple superphosphate (TSP),Phosphate,2019-08-01,275.0,0.275
Triple superphosphate (TSP),Phosphate,2019-09-01,270.0,0.27
Triple superphosphate (TSP),Phosphate,2019-10-01,270.0,0.27
Triple superphosphate (TSP),Phosphate,2019-11-01,264.0,0.264
Triple superphosphate (TSP),Phosphate,2019-12-01,243.33,0.2433
Triple superphosphate (TSP),Phosphate,2020-01-01,239.0,0.239
Triple superphosphate (TSP),Phosphate,2020-02-01,245.0,0.245
Triple superphosphate (TSP),Phosphate,2020-03-01,245.0,0.245
Triple superphosphate (TSP),Phosphate,2020-04-01,245.0,0.245
Triple superphosphate (TSP),Phosphate,2020-05-01,243.0,0.243
Triple superphosphate (TSP),Phosphate,2020-06-01,240.0,0.24
Triple superphosphate (TSP),Phosphate,2020-07-01,262.2,0.2622
Triple superphosphate (TSP),Phosphate,2020-08-01,276.25,0.2762
Triple superphosphate (TSP),Phosphate,2020-09-01,282.5,0.2825
Triple superphosphate (TSP),Phosphate,2020-10-01,290.0,0.29
Triple superphosphate (TSP),Phosphate,2020-11-01,292.5,0.2925
Triple superphosphate (TSP),Phosphate,2020-12-01,320.0,0.32
Triple superphosphate (TSP),Phosphate,2021-01-01,337.6,0.3376
Triple superphosphate (TSP),Phosphate,2021-02-01,453.75,0.4538
Triple superphosphate (TSP),Phosphate,2021-03-01,458.0,0.458
Triple superphosphate (TSP),Phosphate,2021-04-01,478.0,0.478
Triple superphosphate (TSP),Phosphate,2021-05-01,527.5,0.5275
Triple superphosphate (TSP),Phosphate,2021-06-01,550.0,0.55
Triple superphosphate (TSP),Phosphate,2021-07-01,555.0,0.555
Triple superphosphate (TSP),Phosphate,2021-08-01,555.0,0.555
Triple superphosphate (TSP),Phosphate,2021-09-01,573.75,0.5738
Triple superphosphate (TSP),Phosphate,2021-10-01,618.0,0.618
Triple superphosphate (TSP),Phosphate,2021-11-01,665.0,0.665
Triple superphosphate (TSP),Phosphate,2021-12-01,686.67,0.6867
Triple superphosphate (TSP),Phosphate,2022-01-01,674.38,0.6744
Triple superphosphate (TSP),Phosphate,2022-02-01,680.0,0.68
Triple superphosphate (TSP),Phosphate,2022-03-01,792.5,0.7925
Triple superphosphate (TSP),Phosphate,2022-04-01,856.0,0.856
Triple superphosphate (TSP),Phosphate,2022-05-01,827.5,0.8275
Triple superphosphate (TSP),Phosphate,2022-06-01,730.13,0.7301
Triple superphosphate (TSP),Phosphate,2022-07-01,736.0,0.736
Triple superphosphate (TSP),Phosphate,2022-08-01,703.75,0.7038
Triple superphosphate (TSP),Phosphate,2022-09-01,708.0,0.708
Triple superphosphate (TSP),Phosphate,2022-10-01,675.0,0.675
Triple superphosphate (TSP),Phosphate,2022-11-01,625.0,0.625
Triple superphosphate (TSP),Phosphate,2022-12-01,584.38,0.5844
Triple superphosphate (TSP),Phosphate,2023-01-01,569.38,0.5694
Triple superphosphate (TSP),Phosphate,2023-02-01,547.5,0.5475
Triple superphosphate (TSP),Phosphate,2023-03-01,537.5,0.5375
Triple superphosphate (TSP),Phosphate,2023-04-01,550.0,0.55
Triple superphosphate (TSP),Phosphate,2023-05-01,485.63,0.4856
Triple superphosphate (TSP),Phosphate,2023-06-01,390.0,0.39
Triple superphosphate (TSP),Phosphate,2023-07-01,392.25,0.3922
Triple superphosphate (TSP),Phosphate,2023-08-01,450.63,0.4506
Triple superphosphate (TSP),Phosphate,2023-09-01,461.5,0.4615
Triple superphosphate (TSP),Phosphate,2023-10-01,468.13,0.4681
Triple superphosphate (TSP),Phosphate,2023-11-01,462.63,0.4626
Triple superphosphate (TSP),Phosphate,2023-12-01,447.5,0.4475
Triple superphosphate (TSP),Phosphate,2024-01-01,450.63,0.4506
Triple superphosphate (TSP),Phosphate,2024-02-01,454.38,0.4544
Triple superphosphate (TSP),Phosphate,2024-03-01,449.0,0.449
Triple superphosphate (TSP),Phosphate,2024-04-01,442.5,0.4425
Triple superphosphate (TSP),Phosphate,2024-05-01,434.9,0.4349
Triple superphosphate (TSP),Phosphate,2024-06-01,473.75,0.4738
Triple superphosphate (TSP),Phosphate,2024-07-01,505.75,0.5058
Triple superphosphate (TSP),Phosphate,2024-08-01,507.2,0.5072
Triple superphosphate (TSP),Phosphate,2024-09-01,504.38,0.5044
Triple superphosphate (TSP),Phosphate,2024-10-01,503.75,0.5038
Triple superphosphate (TSP),Phosphate,2024-11-01,491.0,0.491
Triple superphosphate (TSP),Phosphate,2024-12-01,477.5,0.4775
Triple superphosphate (TSP),Phosphate,2025-01-01,478.0,0.478
Triple superphosphate (TSP),Phosphate,2025-02-01,480.63,0.4806
Triple superphosphate (TSP),Phosphate,2025-03-01,478.5,0.4785
Triple superphosphate (TSP),Phosphate,2025-04-01,496.0,0.496
Triple superphosphate (TSP),Phosphate,2025-05-01,541.5,0.5415
Triple superphosphate (TSP),Phosphate,2025-06-01,641.25,0.6412
Triple superphosphate (TSP),Phosphate,2025-07-01,655.0,0.655
Triple superphosphate (TSP),Phosphate,2025-08-01,662.9,0.6629
Triple superphosphate (TSP),Phosphate,2025-09-01,664.38,0.6644
Triple superphosphate (TSP),Phosphate,2025-10-01,658.5,0.6585
Triple superphosphate (TSP),Phosphate,2025-11-01,636.25,0.6362
Triple superphosphate (TSP),Phosphate,2025-12-01,538.5,0.5385
Triple superphosphate (TSP),Phosphate,2026-01-01,529.2,0.5292
Triple superphosphate (TSP),Phosphate,2026-02-01,536.25,0.5362
Triple superphosphate (TSP),Phosphate,2026-03-01,558.13,0.5581
Urea,Nitrogen,1996-04-01,160.4,0.1604
Urea,Nitrogen,1996-05-01,169.5,0.1695
Urea,Nitrogen,1996-06-01,172.13,0.1721
Urea,Nitrogen,1996-07-01,184.5,0.1845
Urea,Nitrogen,1996-08-01,187.0,0.187
Urea,Nitrogen,1996-09-01,181.4,0.1814
Urea,Nitrogen,1996-10-01,172.25,0.1722
Urea,Nitrogen,1996-11-01,172.63,0.1726
Urea,Nitrogen,1996-12-01,174.5,0.1745
Urea,Nitrogen,1997-01-01,173.5,0.1735
Urea,Nitrogen,1997-02-01,160.38,0.1604
Urea,Nitrogen,1997-03-01,148.0,0.148
Urea,Nitrogen,1997-04-01,135.0,0.135
Urea,Nitrogen,1997-05-01,113.13,0.1131
Urea,Nitrogen,1997-06-01,108.5,0.1085
Urea,Nitrogen,1997-07-01,112.5,0.1125
Urea,Nitrogen,1997-08-01,102.5,0.1025
Urea,Nitrogen,1997-09-01,88.3,0.0883
Urea,Nitrogen,1997-10-01,87.5,0.0875
Urea,Nitrogen,1997-11-01,90.63,0.0906
Urea,Nitrogen,1997-12-01,90.0,0.09
Urea,Nitrogen,1998-01-01,86.25,0.0862
Urea,Nitrogen,1998-02-01,77.5,0.0775
Urea,Nitrogen,1998-03-01,84.5,0.0845
Urea,Nitrogen,1998-04-01,100.0,0.1
Urea,Nitrogen,1998-05-01,95.0,0.095
Urea,Nitrogen,1998-06-01,88.4,0.0884
Urea,Nitrogen,1998-07-01,86.0,0.086
Urea,Nitrogen,1998-08-01,85.5,0.0855
Urea,Nitrogen,1998-09-01,83.63,0.0836
Urea,Nitrogen,1998-10-01,75.63,0.0756
Urea,Nitrogen,1998-11-01,70.7,0.0707
Urea,Nitrogen,1998-12-01,65.5,0.0655
Urea,Nitrogen,1999-01-01,64.5,0.0645
Urea,Nitrogen,1999-02-01,64.0,0.064
Urea,Nitrogen,1999-03-01,75.5,0.0755
Urea,Nitrogen,1999-04-01,64.5,0.0645
Urea,Nitrogen,1999-05-01,64.9,0.0649
Urea,Nitrogen,1999-06-01,63.75,0.0638
Urea,Nitrogen,1999-07-01,62.75,0.0628
Urea,Nitrogen,1999-08-01,65.7,0.0657
Urea,Nitrogen,1999-09-01,67.5,0.0675
Urea,Nitrogen,1999-10-01,65.38,0.0654
Urea,Nitrogen,1999-11-01,66.0,0.066
Urea,Nitrogen,1999-12-01,66.83,0.0668
Urea,Nitrogen,2000-01-01,77.4,0.0774
Urea,Nitrogen,2000-02-01,90.13,0.0901
Urea,Nitrogen,2000-03-01,88.75,0.0888
Urea,Nitrogen,2000-04-01,83.25,0.0832
Urea,Nitrogen,2000-05-01,91.0,0.091
Urea,Nitrogen,2000-06-01,105.13,0.1051
Urea,Nitrogen,2000-07-01,121.7,0.1217
Urea,Nitrogen,2000-08-01,133.38,0.1334
Urea,Nitrogen,2000-09-01,113.88,0.1139
Urea,Nitrogen,2000-10-01,111.1,0.1111
Urea,Nitrogen,2000-11-01,99.38,0.0994
Urea,Nitrogen,2000-12-01,96.0,0.096
Urea,Nitrogen,2001-01-01,121.0,0.121
Urea,Nitrogen,2001-02-01,105.25,0.1052
Urea,Nitrogen,2001-03-01,98.88,0.0989
Urea,Nitrogen,2001-04-01,95.3,0.0953
Urea,Nitrogen,2001-05-01,85.0,0.085
Urea,Nitrogen,2001-06-01,87.5,0.0875
Urea,Nitrogen,2001-07-01,87.5,0.0875
Urea,Nitrogen,2001-08-01,88.75,0.0888
Urea,Nitrogen,2001-09-01,94.5,0.0945
Urea,Nitrogen,2001-10-01,96.1,0.0961
Urea,Nitrogen,2001-11-01,96.5,0.0965
Urea,Nitrogen,2001-12-01,101.17,0.1012
Urea,Nitrogen,2002-01-01,104.13,0.1041
Urea,Nitrogen,2002-02-01,99.63,0.0996
Urea,Nitrogen,2002-03-01,90.25,0.0902
Urea,Nitrogen,2002-04-01,84.7,0.0847
Urea,Nitrogen,2002-05-01,85.5,0.0855
Urea,Nitrogen,2002-06-01,92.75,0.0928
Urea,Nitrogen,2002-07-01,94.2,0.0942
Urea,Nitrogen,2002-08-01,105.0,0.105
Urea,Nitrogen,2002-09-01,93.0,0.093
Urea,Nitrogen,2002-10-01,92.25,0.0922
Urea,Nitrogen,2002-11-01,92.25,0.0922
Urea,Nitrogen,2002-12-01,99.38,0.0994
Urea,Nitrogen,2003-01-01,112.0,0.112
Urea,Nitrogen,2003-02-01,132.13,0.1321
Urea,Nitrogen,2003-03-01,138.9,0.1389
Urea,Nitrogen,2003-04-01,118.63,0.1186
Urea,Nitrogen,2003-05-01,128.13,0.1281
Urea,Nitrogen,2003-06-01,133.9,0.1339
Urea,Nitrogen,2003-07-01,142.75,0.1427
Urea,Nitrogen,2003-08-01,141.5,0.1415
Urea,Nitrogen,2003-09-01,146.8,0.1468
Urea,Nitrogen,2003-10-01,150.63,0.1506
Urea,Nitrogen,2003-11-01,153.5,0.1535
Urea,Nitrogen,2003-12-01,159.38,0.1594
Urea,Nitrogen,2004-01-01,160.25,0.1602
Urea,Nitrogen,2004-02-01,134.5,0.1345
Urea,Nitrogen,2004-03-01,130.5,0.1305
Urea,Nitrogen,2004-04-01,128.38,0.1284
Urea,Nitrogen,2004-05-01,135.9,0.1359
Urea,Nitrogen,2004-06-01,158.25,0.1582
Urea,Nitrogen,2004-07-01,185.0,0.185
Urea,Nitrogen,2004-08-01,196.2,0.1962
Urea,Nitrogen,2004-09-01,218.13,0.2181
Urea,Nitrogen,2004-10-01,242.13,0.2421
Urea,Nitrogen,2004-11-01,224.5,0.2245
Urea,Nitrogen,2004-12-01,185.25,0.1852
Urea,Nitrogen,2005-01-01,184.6,0.1846
Urea,Nitrogen,2005-02-01,185.75,0.1858
Urea,Nitrogen,2005-03-01,217.13,0.2171
Urea,Nitrogen,2005-04-01,242.13,0.2421
Urea,Nitrogen,2005-05-01,256.0,0.256
Urea,Nitrogen,2005-06-01,217.5,0.2175
Urea,Nitrogen,2005-07-01,221.88,0.2219
Urea,Nitrogen,2005-08-01,208.5,0.2085
Urea,Nitrogen,2005-09-01,210.38,0.2104
Urea,Nitrogen,2005-10-01,215.5,0.2155
Urea,Nitrogen,2005-11-01,235.0,0.235
Urea,Nitrogen,2005-12-01,213.88,0.2139
Urea,Nitrogen,2006-01-01,202.3,0.2023
Urea,Nitrogen,2006-02-01,213.88,0.2139
Urea,Nitrogen,2006-03-01,243.13,0.2431
Urea,Nitrogen,2006-04-01,247.5,0.2475
Urea,Nitrogen,2006-05-01,229.5,0.2295
Urea,Nitrogen,2006-06-01,210.0,0.21
Urea,Nitrogen,2006-07-01,205.5,0.2055
Urea,Nitrogen,2006-08-01,210.5,0.2105
Urea,Nitrogen,2006-09-01,215.13,0.2151
Urea,Nitrogen,2006-10-01,209.2,0.2092
Urea,Nitrogen,2006-11-01,227.38,0.2274
Urea,Nitrogen,2006-12-01,251.67,0.2517
Urea,Nitrogen,2007-01-01,265.0,0.265
Urea,Nitrogen,2007-02-01,299.38,0.2994
Urea,Nitrogen,2007-03-01,318.13,0.3181
Urea,Nitrogen,2007-04-01,291.0,0.291
Urea,Nitrogen,2007-05-01,293.13,0.2931
Urea,Nitrogen,2007-06-01,291.88,0.2919
Urea,Nitrogen,2007-07-01,269.5,0.2695
Urea,Nitrogen,2007-08-01,260.63,0.2606
Urea,Nitrogen,2007-09-01,305.0,0.305
Urea,Nitrogen,2007-10-01,323.75,0.3238
Urea,Nitrogen,2007-11-01,366.25,0.3662
Urea,Nitrogen,2007-12-01,401.67,0.4017
Urea,Nitrogen,2008-01-01,376.63,0.3766
Urea,Nitrogen,2008-02-01,328.13,0.3281
Urea,Nitrogen,2008-03-01,371.0,0.371
Urea,Nitrogen,2008-04-01,462.5,0.4625
Urea,Nitrogen,2008-05-01,633.75,0.6338
Urea,Nitrogen,2008-06-01,642.0,0.642
Urea,Nitrogen,2008-07-01,733.75,0.7338
Urea,Nitrogen,2008-08-01,785.0,0.785
Urea,Nitrogen,2008-09-01,744.5,0.7445
Urea,Nitrogen,2008-10-01,575.0,0.575
Urea,Nitrogen,2008-11-01,287.5,0.2875
Urea,Nitrogen,2008-12-01,240.0,0.24
Urea,Nitrogen,2009-01-01,273.75,0.2738
Urea,Nitrogen,2009-02-01,281.25,0.2812
Urea,Nitrogen,2009-03-01,268.5,0.2685
Urea,Nitrogen,2009-04-01,245.63,0.2456
Urea,Nitrogen,2009-05-01,236.25,0.2362
Urea,Nitrogen,2009-06-01,239.7,0.2397
Urea,Nitrogen,2009-07-01,243.75,0.2438
Urea,Nitrogen,2009-08-01,251.5,0.2515
Urea,Nitrogen,2009-09-01,232.25,0.2322
Urea,Nitrogen,2009-10-01,234.88,0.2349
Urea,Nitrogen,2009-11-01,243.5,0.2435
Urea,Nitrogen,2009-12-01,262.0,0.262
Urea,Nitrogen,2010-01-01,266.5,0.2665
Urea,Nitrogen,2010-02-01,297.5,0.2975
Urea,Nitrogen,2010-03-01,278.7,0.2787
Urea,Nitrogen,2010-04-01,253.75,0.2537
Urea,Nitrogen,2010-05-01,234.0,0.234
Urea,Nitrogen,2010-06-01,226.25,0.2262
Urea,Nitrogen,2010-07-01,259.38,0.2594
Urea,Nitrogen,2010-08-01,263.5,0.2635
Urea,Nitrogen,2010-09-01,308.75,0.3088
Urea,Nitrogen,2010-10-01,332.5,0.3325
Urea,Nitrogen,2010-11-01,365.4,0.3654
Urea,Nitrogen,2010-12-01,380.63,0.3806
Urea,Nitrogen,2011-01-01,378.5,0.3785
Urea,Nitrogen,2011-02-01,297.5,0.2975
Urea,Nitrogen,2011-03-01,278.7,0.2787
Urea,Nitrogen,2011-04-01,253.75,0.2537
Urea,Nitrogen,2011-05-01,234.0,0.234
Urea,Nitrogen,2011-06-01,478.75,0.4788
Urea,Nitrogen,2011-07-01,483.75,0.4838
Urea,Nitrogen,2011-08-01,475.5,0.4755
Urea,Nitrogen,2011-09-01,508.75,0.5088
Urea,Nitrogen,2011-10-01,493.5,0.4935
Urea,Nitrogen,2011-11-01,481.25,0.4812
Urea,Nitrogen,2011-12-01,423.13,0.4231
Urea,Nitrogen,2012-01-01,368.0,0.368
Urea,Nitrogen,2012-02-01,375.0,0.375
Urea,Nitrogen,2012-03-01,393.13,0.3931
Urea,Nitrogen,2012-04-01,494.38,0.4944
Urea,Nitrogen,2012-05-01,513.13,0.5131
Urea,Nitrogen,2012-06-01,456.88,0.4569
Urea,Nitrogen,2012-07-01,307.5,0.3075
Urea,Nitrogen,2012-08-01,382.5,0.3825
Urea,Nitrogen,2012-09-01,384.38,0.3844
Urea,Nitrogen,2012-10-01,349.0,0.349
Urea,Nitrogen,2012-11-01,383.5,0.3835
Urea,Nitrogen,2012-12-01,375.83,0.3758
Urea,Nitrogen,2013-01-01,380.0,0.38
Urea,Nitrogen,2013-02-01,415.63,0.4156
Urea,Nitrogen,2013-03-01,395.63,0.3956
Urea,Nitrogen,2013-04-01,365.63,0.3656
Urea,Nitrogen,2013-05-01,358.13,0.3581
Urea,Nitrogen,2013-06-01,329.38,0.3294
Urea,Nitrogen,2013-07-01,312.5,0.3125
Urea,Nitrogen,2013-08-01,310.63,0.3106
Urea,Nitrogen,2013-09-01,301.0,0.301
Urea,Nitrogen,2013-10-01,296.88,0.2969
Urea,Nitrogen,2013-11-01,305.0,0.305
Urea,Nitrogen,2013-12-01,305.0,0.305
Urea,Nitrogen,2014-01-01,330.0,0.33
Urea,Nitrogen,2014-02-01,353.13,0.3531
Urea,Nitrogen,2014-03-01,327.5,0.3275
Urea,Nitrogen,2014-04-01,260.0,0.26
Urea,Nitrogen,2014-05-01,265.0,0.265
Urea,Nitrogen,2014-06-01,288.75,0.2888
Urea,Nitrogen,2014-07-01,305.0,0.305
Urea,Nitrogen,2014-08-01,311.25,0.3113
Urea,Nitrogen,2014-09-01,317.5,0.3175
Urea,Nitrogen,2014-10-01,317.5,0.3175
Urea,Nitrogen,2014-11-01,317.5,0.3175
Urea,Nitrogen,2014-12-01,308.13,0.3081
Urea,Nitrogen,2015-01-01,305.0,0.305
Urea,Nitrogen,2015-02-01,305.0,0.305
Urea,Nitrogen,2015-03-01,295.5,0.2955
Urea,Nitrogen,2015-04-01,260.0,0.26
Urea,Nitrogen,2015-05-01,265.0,0.265
Urea,Nitrogen,2015-06-01,288.75,0.2888
Urea,Nitrogen,2015-07-01,283.75,0.2838
Urea,Nitrogen,2015-08-01,274.63,0.2746
Urea,Nitrogen,2015-09-01,279.38,0.2794
Urea,Nitrogen,2015-10-01,250.63,0.2506
Urea,Nitrogen,2015-11-01,263.63,0.2636
Urea,Nitrogen,2015-12-01,264.0,0.264
Urea,Nitrogen,2016-01-01,233.88,0.2339
Urea,Nitrogen,2016-02-01,191.88,0.1919
Urea,Nitrogen,2016-03-01,201.75,0.2018
Urea,Nitrogen,2016-04-01,196.25,0.1962
Urea,Nitrogen,2016-05-01,198.38,0.1984
Urea,Nitrogen,2016-06-01,142.63,0.1426
Urea,Nitrogen,2016-07-01,181.0,0.181
Urea,Nitrogen,2016-08-01,186.25,0.1862
Urea,Nitrogen,2016-09-01,187.3,0.1873
Urea,Nitrogen,2016-10-01,187.5,0.1875
Urea,Nitrogen,2016-11-01,205.0,0.205
Urea,Nitrogen,2016-12-01,217.75,0.2178
Urea,Nitrogen,2017-01-01,233.75,0.2338
Urea,Nitrogen,2017-02-01,191.88,0.1919
Urea,Nitrogen,2017-03-01,223.5,0.2235
Urea,Nitrogen,2017-04-01,207.88,0.2079
Urea,Nitrogen,2017-05-01,178.75,0.1788
Urea,Nitrogen,2017-06-01,191.0,0.191
Urea,Nitrogen,2017-07-01,181.0,0.181
Urea,Nitrogen,2017-08-01,192.63,0.1926
Urea,Nitrogen,2017-09-01,219.0,0.219
Urea,Nitrogen,2017-10-01,252.5,0.2525
Urea,Nitrogen,2017-11-01,280.0,0.28
Urea,Nitrogen,2017-12-01,214.63,0.2146
Urea,Nitrogen,2018-01-01,219.63,0.2196
Urea,Nitrogen,2018-02-01,232.5,0.2325
Urea,Nitrogen,2018-03-01,232.5,0.2325
Urea,Nitrogen,2018-04-01,230.63,0.2306
Urea,Nitrogen,2018-05-01,221.88,0.2219
Urea,Nitrogen,2018-06-01,224.0,0.224
Urea,Nitrogen,2018-07-01,252.5,0.2525
Urea,Nitrogen,2018-08-01,260.0,0.26
Urea,Nitrogen,2018-09-01,267.5,0.2675
Urea,Nitrogen,2018-10-01,270.0,0.27
Urea,Nitrogen,2018-11-01,305.6,0.3056
Urea,Nitrogen,2018-12-01,276.67,0.2767
Urea,Nitrogen,2019-01-01,260.0,0.26
Urea,Nitrogen,2019-02-01,250.63,0.2506
Urea,Nitrogen,2019-03-01,247.5,0.2475
Urea,Nitrogen,2019-04-01,247.5,0.2475
Urea,Nitrogen,2019-05-01,247.5,0.2475
Urea,Nitrogen,2019-06-01,247.5,0.2475
Urea,Nitrogen,2019-07-01,263.5,0.2635
Urea,Nitrogen,2019-08-01,262.5,0.2625
Urea,Nitrogen,2019-09-01,237.75,0.2378
Urea,Nitrogen,2019-10-01,237.0,0.237
Urea,Nitrogen,2019-11-01,224.5,0.2245
Urea,Nitrogen,2019-12-01,217.5,0.2175
Urea,Nitrogen,2020-01-01,215.4,0.2154
Urea,Nitrogen,2020-02-01,214.38,0.2144
Urea,Nitrogen,2020-03-01,231.13,0.2311
Urea,Nitrogen,2020-04-01,235.0,0.235
Urea,Nitrogen,2020-05-01,201.9,0.2019
Urea,Nitrogen,2020-06-01,202.0,0.202
Urea,Nitrogen,2020-07-01,214.4,0.2144
Urea,Nitrogen,2020-08-01,249.5,0.2495
Urea,Nitrogen,2020-09-01,250.5,0.2505
Urea,Nitrogen,2020-10-01,245.0,0.245
Urea,Nitrogen,2020-11-01,245.0,0.245
Urea,Nitrogen,2020-12-01,245.0,0.245
Urea,Nitrogen,2021-01-01,265.0,0.265
Urea,Nitrogen,2021-02-01,335.0,0.335
Urea,Nitrogen,2021-03-01,352.88,0.3529
Urea,Nitrogen,2021-04-01,328.1,0.3281
Urea,Nitrogen,2021-05-01,331.63,0.3316
Urea,Nitrogen,2021-06-01,393.25,0.3932
Urea,Nitrogen,2021-07-01,441.5,0.4415
Urea,Nitrogen,2021-08-01,446.88,0.4469
Urea,Nitrogen,2021-09-01,418.75,0.4188
Urea,Nitrogen,2021-10-01,695.0,0.695
Urea,Nitrogen,2021-11-01,900.5,0.9005
Urea,Nitrogen,2021-12-01,890.0,0.89
Urea,Nitrogen,2022-01-01,846.38,0.8464
Urea,Nitrogen,2022-02-01,744.17,0.7442
Urea,Nitrogen,2022-03-01,872.5,0.8725
Urea,Nitrogen,2022-04-01,925.0,0.925
Urea,Nitrogen,2022-05-01,707.5,0.7075
Urea,Nitrogen,2022-06-01,690.0,0.69
Urea,Nitrogen,2022-07-01,601.0,0.601
Urea,Nitrogen,2022-08-01,591.25,0.5913
Urea,Nitrogen,2022-09-01,678.0,0.678
Urea,Nitrogen,2022-10-01,636.25,0.6362
Urea,Nitrogen,2022-11-01,588.75,0.5888
Urea,Nitrogen,2022-12-01,519.38,0.5194
Urea,Nitrogen,2023-01-01,443.75,0.4438
Urea,Nitrogen,2023-02-01,357.5,0.3575
Urea,Nitrogen,2023-03-01,313.5,0.3135
Urea,Nitrogen,2023-04-01,313.38,0.3134
Urea,Nitrogen,2023-05-01,329.25,0.3292
Urea,Nitrogen,2023-06-01,287.5,0.2875
Urea,Nitrogen,2023-07-01,334.63,0.3346
Urea,Nitrogen,2023-08-01,385.63,0.3856
Urea,Nitrogen,2023-09-01,380.0,0.38
Urea,Nitrogen,2023-10-01,411.38,0.4114
Urea,Nitrogen,2023-11-01,385.5,0.3855
Urea,Nitrogen,2023-12-01,354.0,0.354
Urea,Nitrogen,2024-01-01,335.38,0.3354
Urea,Nitrogen,2024-02-01,351.25,0.3512
Urea,Nitrogen,2024-03-01,330.0,0.33
Urea,Nitrogen,2024-04-01,320.0,0.32
Urea,Nitrogen,2024-05-01,284.8,0.2848
Urea,Nitrogen,2024-06-01,336.25,0.3362
Urea,Nitrogen,2024-07-01,342.5,0.3425
Urea,Nitrogen,2024-08-01,342.5,0.3425
Urea,Nitrogen,2024-09-01,337.5,0.3375
Urea,Nitrogen,2024-10-01,374.75,0.3748
Urea,Nitrogen,2024-11-01,352.3,0.3523
Urea,Nitrogen,2024-12-01,352.0,0.352
Urea,Nitrogen,2025-01-01,380.5,0.3805
Urea,Nitrogen,2025-02-01,436.5,0.4365
Urea,Nitrogen,2025-03-01,394.5,0.3945
Urea,Nitrogen,2025-04-01,386.88,0.3869
Urea,Nitrogen,2025-05-01,392.0,0.392
Urea,Nitrogen,2025-06-01,420.5,0.4205
Urea,Nitrogen,2025-07-01,496.0,0.496
Urea,Nitrogen,2025-08-01,507.7,0.5077
Urea,Nitrogen,2025-09-01,461.13,0.4611
Urea,Nitrogen,2025-10-01,394.4,0.3944
Urea,Nitrogen,2025-11-01,409.25,0.4092
Urea,Nitrogen,2025-12-01,392.5,0.3925
Urea,Nitrogen,2026-01-01,415.4,0.4154
Urea,Nitrogen,2026-02-01,472.0,0.472
Urea,Nitrogen,2026-03-01,725.63,0.7256
